player_id,player_name,position,team,price,gameweek,was_home,fixture_difficulty,form_3gw,ict_index_3gw,avg_minutes_3gw,team_name,opponent,home_away,xgb_predicted_pts,xgb_confidence,xgb_value_score,auto_xgb_predicted_pts,auto_xgb_confidence,auto_xgb_value_score,llm_predicted_pts,llm_confidence,llm_value_score,combined_value_score,claude_predicted_pts,claude_confidence,claude_reasoning,claude_value_score
449,B.Fernandes,MID,14,10.3,32,1,2,10.333,16.367,90.0,MUN,LEE,H,6.6,10,0.66,12.5,89,11.16,9.5,85,8.07,6.49,7.8,78,"Excellent form (10.3 avg), very high fixture difficulty rating favors MUN, consistent minutes, and strong model consensus (XGB 6.6, LLM 9.5) suggest attacking returns likely.",6.08
5,Gabriel,DEF,1,7.2,32,1,3,7.333,2.3,90.0,ARS,BOU,H,7.4,10,0.74,7.1,95,6.78,7.4,87,6.44,4.91,7.3,78,Consistent 90-minute defender at home vs weak opposition (FDR 3); strong form and ensemble model agreement supports 7+ points.,5.69
441,Dorgu,DEF,14,4.1,32,1,2,7.0,9.9,90.0,MUN,LEE,H,4.6,10,0.46,5.2,95,4.91,7.6,95,7.22,4.23,5.8,75,"Excellent form (7.0 avg) and high ICT (9.9) vs weak LEE side, full minutes played, other models suggest strong return.",4.35
643,André,MID,20,5.2,32,0,2,6.667,3.433,89.333,WOL,WHU,A,3.5,82,2.91,2.9,92,2.69,6.5,90,5.85,3.73,5.1,68,"Good recent form (6.7 avg) vs favorable fixture, but low ICT and away status temper upside; models diverge significantly suggesting moderate consistency.",3.47
387,Szoboszlai,MID,12,7.0,32,1,2,6.667,7.633,90.0,LIV,FUL,H,4.4,10,0.44,3.8,93,3.53,6.6,93,6.14,3.62,5.8,75,"Szoboszlai in excellent form (6.7 avg) with consistent 90min playing time, facing weak Fulham defense at home; slight uncertainty from XGB underbias tempered by strong LLM and high ICT.",4.35
200,Anthony,MID,3,5.0,32,1,3,5.667,6.967,90.0,BUR,BHA,H,3.4,80,2.73,2.7,95,2.53,6.2,95,5.89,3.6,4.8,68,"Strong recent form (5.7) and high ICT suggest creativity, but BHA's solid defense and model disagreement (XGB vs LLM gap) warrant cautious optimism for a home mid-tier return.",3.26
253,Henderson,GK,8,5.0,32,1,3,6.667,4.333,90.0,CRY,NEW,H,3.8,53,2.01,2.8,95,2.62,6.6,94,6.2,3.59,5.2,68,"Strong recent form (6.7 avg) and excellent LLM prediction (6.6) vs weak Newcastle attack (FDR 3), though XGB is more conservative at 3.8.",3.54
515,Gibbs-White,MID,16,7.4,32,1,3,6.667,8.4,84.0,NFO,AVL,H,4.5,10,0.45,4.7,94,4.41,6.5,83,5.4,3.55,5.8,68,"Strong recent form (6.7 avg) and high ICT (8.4) vs favorable fixture, but consistency concerns and model variance warrant caution.",3.94
16,Saka,MID,1,9.8,32,1,3,5.333,7.4,90.0,ARS,BOU,H,5.1,10,0.51,3.3,95,3.18,6.2,91,5.64,3.46,5.8,78,"Excellent form (5.3 avg), high creativity (7.4 ICT), full minutes, facing weak Bournemouth defence at home with XGB/LLM consensus around 5.6.",4.52
624,Bowen,FWD,19,7.5,32,1,2,5.667,7.233,90.0,WHU,WOL,H,4.9,10,0.49,3.4,95,3.2,6.4,95,6.08,3.43,5.8,68,"Strong recent form (5.7 avg) and high ICT (7.2) against favorable Wolves fixture, though FWD position limits ceiling compared to mid eligibility.",3.94
249,João Pedro,FWD,7,7.8,32,1,4,7.667,9.2,88.0,CHE,MCI,H,4.6,11,0.51,1.7,95,1.65,7.7,95,7.32,3.41,6.1,68,"Excellent recent form (7.7 avg) and high ICT against tough opponent, but difficult fixture vs Man City limits upside despite home advantage.",4.15
266,Eze,MID,1,7.2,32,1,3,6.333,5.433,85.333,ARS,BOU,H,3.8,63,2.39,2.3,92,2.15,6.3,81,5.1,3.4,5.8,68,"Strong recent form (6.3 avg) and high LLM prediction (6.3) against weak Bournemouth at home, but consistency concerns limit upside.",3.94
450,Cunha,MID,14,8.0,32,1,2,5.0,6.367,90.0,MUN,LEE,H,4.8,10,0.48,3.4,95,3.18,6.1,95,5.79,3.38,5.4,75,"Cunha shows excellent form (5.0 avg) with consistent minutes and high creativity (ICT 6.4); home fixture vs Leeds (FDR 2) is favorable, though other models suggest 4.8-6.1 range.",4.05
366,A.Becker,GK,12,5.4,32,1,2,3.333,2.033,90.0,LIV,FUL,H,3.8,66,2.52,3.3,95,3.15,4.9,95,4.66,3.37,4.2,75,Becker faces a weak Fulham side at home with excellent form and consistent minutes; consensus models support a solid clean sheet probability.,3.15
679,Hermansen,GK,19,4.2,32,1,2,4.0,3.233,90.0,WHU,WOL,H,3.9,72,2.78,2.9,95,2.77,5.4,95,5.13,3.37,4.1,68,"Consistent 90-min play against weak Wolves attack (FDR 2), but limited save potential keeps ceiling low; models suggest modest return.",2.79
681,Šeško,FWD,14,7.4,32,1,2,5.0,5.633,59.667,MUN,LEE,H,4.0,73,2.93,2.4,91,2.16,5.7,86,4.9,3.36,5.1,68,"Home fixture vs LEE (FDR 2) with decent recent form (5.0 avg), but limited minutes (60) and moderate ICT concern against strong opponent.",3.47
628,José Sá,GK,20,4.2,32,0,2,4.333,2.433,90.0,WOL,WHU,A,3.6,78,2.82,2.6,95,2.44,5.4,95,5.13,3.3,4.1,68,"Solid recent form (4.3 avg) and full minutes, but WHU away is a decent attacking fixture (FDR 2) limiting clean sheet probability despite the opposing models' variance.",2.79
485,Gordon,MID,15,7.4,32,0,3,6.667,7.567,86.333,NEW,CRY,A,4.5,10,0.45,3.1,95,2.97,6.6,88,5.81,3.29,5.8,68,"Strong recent form (6.7 avg) and high ICT (7.6) against moderate Palace defence, but away fixture limits upside despite model agreement around 5-6.5pts",3.94
267,Sarr,MID,8,6.3,32,1,3,6.333,6.3,90.0,CRY,NEW,H,4.2,26,1.1,2.6,95,2.48,6.5,94,6.11,3.29,5.1,68,"Sarr in excellent form (6.3 avg) with consistent 90min play faces favorable NEW defense (FDR 3), though model predictions diverge slightly between XGB (4.2) and LLM (6.5).",3.47
151,Van Hecke,DEF,6,4.5,32,0,2,5.0,5.267,90.0,BHA,BUR,A,4.0,10,0.4,3.6,95,3.45,6.1,95,5.79,3.28,5.1,68,"Strong recent form (5.0 avg) with consistent minutes, favorable FDR 2 fixture, but away status and defensive uncertainty slightly temper upside.",3.47
386,Mac Allister,MID,12,6.3,32,1,2,6.333,5.833,90.0,LIV,FUL,H,4.2,10,0.42,2.8,95,2.67,6.6,95,6.27,3.26,5.4,68,"Allister shows solid form (6.3 avg) with full minutes, facing weak Fulham at home, but midfield consistency and XGB model suggest moderate rather than premium return.",3.67
457,Casemiro,MID,14,5.7,32,1,2,6.0,8.0,80.0,MUN,LEE,H,3.7,34,1.27,2.3,95,2.23,6.3,95,5.98,3.24,5.1,68,"Casemiro shows solid form (6.0 avg) with high ICT (8.0) against weak Leeds; home advantage and favorable fixture support a return, though midfield minutes consistency is a slight concern.",3.47
273,Wharton,MID,8,5.0,32,1,3,4.667,5.1,79.0,CRY,NEW,H,3.5,76,2.7,2.3,95,2.14,5.3,92,4.88,3.24,4.8,68,"Decent form (4.7) with good ICT (5.1) against weak NEW defense, but recent minutes slightly inconsistent and other models diverge.",3.26
375,Bradley,DEF,12,4.9,32,1,2,5.0,3.067,65.667,LIV,FUL,H,3.1,94,2.94,2.9,90,2.62,5.3,85,4.5,3.21,4.1,68,"Liverpool defender at home vs weak Fulham (FDR 2), but recent form soft (only 66 mins/3GW avg) and low ICT suggests limited attacking returns.",2.79
1,Raya,GK,1,6.0,32,1,3,4.333,1.533,90.0,ARS,BOU,H,3.6,67,2.42,2.9,95,2.77,5.3,86,4.56,3.2,4.5,68,"Raya has solid form (4.3) and plays at home vs weak BOU, but low ICT (1.5) and model divergence (XGB 3.6 vs LLM 5.3) suggest uncertainty around clean sheet probability.",3.06
606,Mavropanos,DEF,19,4.4,32,1,2,5.0,5.2,60.333,WHU,WOL,H,3.3,81,2.67,2.1,93,1.93,5.2,95,4.94,3.2,4.8,68,"Favourable fixture vs WOL at home, decent recent form (5.0 avg), though minutes concern (only 60/3GW) slightly tempers upside.",3.26
603,Diouf,DEF,19,4.1,32,1,2,3.667,3.767,89.667,WHU,WOL,H,3.7,70,2.57,2.9,95,2.79,5.4,88,4.75,3.19,4.1,65,"Consistent defender with full minutes vs weak Wolves side (FDR 2), but modest form and ICT suggest limited attacking returns.",2.66
258,Mitchell,DEF,8,5.0,32,1,3,4.667,3.933,90.0,CRY,NEW,H,3.8,51,1.94,2.7,95,2.55,5.6,91,5.1,3.18,4.6,68,Consistent starter with good recent form against a mid-table opponent; defensive returns limited but minutes secured.,3.13
695,Tchatchoua,DEF,20,4.4,32,0,2,4.333,3.567,90.0,WOL,WHU,A,3.8,48,1.84,3.0,95,2.8,5.2,93,4.84,3.14,4.5,68,"Consistent starter with 90 mins recent form, but facing tough WHU away fixture limits ceiling despite decent underlying stats.",3.06
113,Van den Berg,DEF,5,4.6,32,1,3,4.333,3.9,90.0,BRE,EVE,H,3.4,78,2.66,2.2,95,2.13,5.3,94,4.98,3.14,4.1,68,"Consistent 90min defender at home vs mid-table Everton (FDR 3), decent form (4.3 avg) but limited attacking threat evident in low ICT, model consensus around 3.4-5.3 range.",2.79
139,Verbruggen,GK,6,4.5,32,0,2,4.0,1.967,90.0,BHA,BUR,A,3.4,70,2.36,2.6,95,2.46,5.2,95,4.94,3.14,4.1,68,"Favourable fixture vs Burnley (FDR 2) with consistent 90min play, but modest form (4.0 avg) and low ICT suggest limited attacking returns typical for GK; other models' divergence reflects uncertainty.",2.79
517,Anderson,MID,16,5.5,32,1,3,5.0,6.1,89.0,NFO,AVL,H,4.1,10,0.41,3.7,95,3.54,5.6,95,5.32,3.13,4.8,68,"Solid recent form (5.0 avg) with good ICT and minutes, facing Aston Villa (FDR 3) at home; XGB/LLM consensus supports mid-4s return.",3.26
636,S.Bueno,DEF,20,4.4,32,0,2,3.0,2.467,90.0,WOL,WHU,A,3.9,61,2.35,2.8,95,2.71,4.8,95,4.56,3.12,4.2,68,Consistent 90min defender with solid form (3.0 avg) facing tough away fixture at WHU; model consensus around 4.2 with moderate FDR 2 difficulty.,2.86
169,Gomez,MID,6,4.9,32,0,2,4.667,5.3,83.667,BHA,BUR,A,3.5,47,1.67,2.3,95,2.18,5.6,95,5.32,3.11,4.8,68,"Good form (4.7 avg) and high ICT (5.3) vs favorable fixture (FDR 2), though away trip and model variance (XGB low at 3.5) create moderate uncertainty.",3.26
381,M.Salah,MID,12,14.0,32,1,2,4.667,5.033,85.333,LIV,FUL,H,4.3,21,0.9,2.2,95,2.13,5.7,95,5.42,3.11,5.1,78,Salah facing weak FDR 2 fixture at home with strong recent form (4.7 avg) and high ICT; consensus models support mid-5s return.,3.98
83,O.Dango,MID,5,6.0,32,1,3,5.333,6.3,80.333,BRE,EVE,H,3.5,67,2.38,2.1,94,2.01,5.8,82,4.76,3.1,4.8,68,"Decent form (5.3) and good ICT (6.3) vs weak Everton defense, but inconsistent minutes and model disagreement temper expectations.",3.26
507,Aina,DEF,16,4.7,32,1,3,4.0,2.433,87.0,NFO,AVL,H,3.3,54,1.78,3.2,95,3.02,5.1,93,4.74,3.08,4.1,68,"Solid defensive form (4.0 avg) vs mid-difficulty Aston Villa, but inconsistent other model predictions (3.3-5.1) and moderate ICT suggest 4+ likely with low haul upside.",2.79
148,F.Kadıoğlu,DEF,6,4.4,32,0,2,3.667,2.033,90.0,BHA,BUR,A,3.7,46,1.69,3.1,95,2.91,5.1,95,4.84,3.08,4.2,68,"Consistent 90-min player with decent form (3.7) facing easy fixture, but low ICT and XGB suggests limited attacking threat.",2.86
8,J.Timber,DEF,1,6.3,32,1,3,8.0,4.667,78.667,ARS,BOU,H,3.9,32,1.24,2.7,88,2.4,7.1,71,5.04,3.06,5.2,68,"Strong home fixture vs weak BOU defense, excellent recent form (8.0 avg), though model disagreement suggests some uncertainty; reliable minutes boost outlook.",3.54
373,Virgil,DEF,12,6.3,32,1,2,3.333,7.267,90.0,LIV,FUL,H,4.3,11,0.47,3.7,88,3.28,5.8,77,4.47,3.05,5.1,78,"Elite defender with excellent form (3.3 avg), perfect minutes, strong ICT, and facing weak Fulham at home in ideal fixture.",3.98
531,Ballard,DEF,17,4.7,32,1,3,5.667,4.7,90.0,SUN,TOT,H,3.8,43,1.65,2.3,95,2.22,6.0,88,5.28,3.05,4.5,68,"Ballard in excellent form (5.7 avg) with full minutes, but tough TOT match (FDR 3) and model disagreement (XGB 3.8 vs LLM 6.0) warrant cautious optimism.",3.06
125,Janelt,MID,5,4.9,32,1,3,4.667,4.7,90.0,BRE,EVE,H,3.3,75,2.46,2.4,95,2.29,5.4,86,4.64,3.04,4.1,68,"Solid home fixture vs Everton with consistent 90min play, but midfield role limits ceiling despite decent form metrics.",2.79
783,Groß,MID,6,5.5,32,0,2,5.0,6.1,90.0,BHA,BUR,A,4.2,10,0.42,2.9,95,2.75,5.8,95,5.51,3.04,5.1,68,"Consistent playing time and decent form against a favorable fixture (FDR 2), though away status and moderate ICT slightly temper upside.",3.47
303,Garner,MID,9,5.2,32,0,4,6.667,6.433,90.0,EVE,BRE,A,3.6,80,2.88,2.5,93,2.32,5.1,82,4.18,3.03,4.2,65,"Consistent starter with decent form (6.7 avg) but faces moderate fixture difficulty; XGB suggests modest return with LLM higher, settling between models.",2.73
613,Souček,MID,19,5.7,32,1,2,4.667,5.367,89.667,WHU,WOL,H,4.1,12,0.49,3.0,95,2.86,5.7,95,5.42,3.02,4.9,68,"Souček shows solid recent form (4.7 avg) with consistent minutes and good ICT, facing a favorable WOL defense at home, though XGB suggests moderate upside.",3.33
82,Semenyo,MID,13,8.2,32,0,4,6.333,8.667,88.667,MCI,CHE,A,4.2,35,1.46,1.1,95,1.01,6.7,95,6.36,3.0,5.1,62,"Strong recent form and ICT suggest attacking returns, but tough away fixture at Chelsea and midfield depth at City limits ceiling.",3.16
384,Gakpo,MID,12,7.3,32,1,2,4.0,6.567,78.667,LIV,FUL,H,5.1,10,0.51,2.9,95,2.74,5.2,95,4.94,3.0,5.1,75,"Gakpo in excellent form (4.0 avg) with high creativity, facing weak FUL defence at home; XGB/LLM consensus supports 5+ return.",3.82
666,Gyökeres,FWD,1,8.8,32,1,3,5.333,4.867,74.333,ARS,BOU,H,4.0,49,1.94,2.5,93,2.33,5.5,81,4.46,3.0,4.8,68,"Strong recent form (5.3 avg) vs weak defence (FDR 3), but limited minutes (74/3GW) and model disagreement suggest cautious optimism for home fixture.",3.26
694,Mukiele,DEF,17,4.5,32,1,3,4.0,4.333,90.0,SUN,TOT,H,3.8,51,1.93,2.5,95,2.41,5.4,89,4.81,2.99,4.3,65,"Consistent 90-min appearances and solid form, but tough fixture vs TOT limits ceiling despite home advantage.",2.8
612,L.Paquetá,MID,19,5.9,32,1,2,5.333,5.067,54.333,WHU,WOL,H,3.4,66,2.24,2.2,89,1.97,5.2,86,4.47,2.98,4.8,68,"Good form (5.3 avg) and favorable fixture vs WOL, but recent minutes low (54/3GW) create uncertainty on minutes played.",3.26
646,J.Gomes,MID,20,5.3,32,0,2,6.0,3.133,61.0,WOL,WHU,A,3.2,79,2.54,2.2,90,2.0,5.5,86,4.73,2.98,4.1,65,Limited recent minutes (61 in 3GW) despite decent form; WHU away fixture is favorable but inconsistent playing time creates uncertainty.,2.66
178,Welbeck,FWD,6,6.2,32,0,2,4.0,4.533,67.0,BHA,BUR,A,3.0,87,2.65,2.1,95,2.03,5.0,92,4.6,2.98,4.1,65,Welbeck faces elite Burnley away (FDR=2) with limited recent minutes (67 in 3GW) but decent form; models split suggests modest return around league average.,2.66
474,Schär,DEF,15,5.2,32,0,3,4.667,5.3,90.0,NEW,CRY,A,3.9,48,1.88,2.5,95,2.36,5.4,82,4.43,2.95,4.6,68,"Consistent starter with strong form (4.7 avg) facing moderate FDR, but away fixture and defensive uncertainty at Newcastle limit ceiling.",3.13
733,Lammens,GK,14,5.0,32,1,2,2.0,1.633,90.0,MUN,LEE,H,3.8,71,2.66,2.9,95,2.72,4.2,87,3.65,2.94,4.0,68,"Home fixture vs Leeds provides attacking opportunity, but recent form is modest and ICT suggests limited shot-stopping chances; XGB/LLM models align around 4.0.",2.72
21,Rice,MID,1,7.3,32,1,3,4.0,2.467,85.0,ARS,BOU,H,5.0,10,0.5,3.1,95,2.92,5.1,83,4.23,2.89,5.2,75,"Consistent midfielder playing full minutes against weak defence; XGB/LLM consensus supports 5+ return, though Rice's recent form (4.0 avg) suggests ceiling slightly below model predictions.",3.9
136,Thiago,FWD,5,7.3,32,1,3,4.667,7.533,90.0,BRE,EVE,H,4.6,15,0.69,2.6,95,2.51,5.7,86,4.9,2.89,5.1,68,"Consistent form (4.7 avg) and high ICT (7.5) vs weak Everton defence, but FDR 3 limits upside potential.",3.47
437,Martinez,DEF,14,4.8,32,1,2,2.333,2.8,90.0,MUN,LEE,H,3.9,44,1.7,2.9,95,2.74,4.4,92,4.05,2.89,4.1,75,"Consistent minutes, favorable fixture vs Leeds, defensive potential supported by model consensus averaging ~4.2pts.",3.08
543,Adingra,MID,17,4.9,32,1,3,4.667,4.1,73.333,SUN,TOT,H,3.5,76,2.62,1.9,94,1.8,5.1,82,4.18,2.88,4.3,68,Solid recent form (4.7 avg) but tough TOT fixture caps upside; midfield minutes consistent at 73/90 suggests starting.,2.92
596,Solanke,FWD,18,7.2,32,0,4,3.667,5.067,84.333,TOT,SUN,A,3.3,81,2.67,1.9,95,1.79,4.7,91,4.28,2.88,4.1,68,"Solanke faces tough away fixture vs Southampton (FDR 4) with moderate form (3.7 avg) and decent ICT (5.1), though XGB slightly conservative at 3.3.",2.79
791,Taty,FWD,19,5.5,32,1,2,3.667,5.567,83.667,WHU,WOL,H,3.9,38,1.5,2.4,95,2.32,5.0,95,4.75,2.87,4.3,68,"Decent form (3.7 avg) with positive ICT (5.6) against weak Wolves defense, but inconsistent minutes (84/3GW avg) limits ceiling.",2.92
634,Mosquera,DEF,20,4.3,32,0,2,4.667,3.067,70.333,WOL,WHU,A,3.1,78,2.42,1.6,95,1.55,5.2,95,4.94,2.86,4.1,62,Inconsistent form (4.7 avg) with limited minutes (70/180) against strong WHU attack; XGB conservative while LLM optimistic suggests mid-range outcome.,2.54
436,De Ligt,DEF,14,4.9,32,1,2,4.0,5.833,90.0,MUN,LEE,H,3.9,18,0.71,2.9,95,2.72,5.2,95,4.94,2.86,4.5,68,Consistent starter with solid recent form against weak Leeds; defensive foundation reliable but ceiling limited without attacking returns.,3.06
684,Thiaw,DEF,15,5.1,32,0,3,4.667,4.7,90.0,NEW,CRY,A,3.8,34,1.28,2.3,95,2.22,5.6,87,4.87,2.86,4.5,68,"Solid form and full minutes, but Palace's moderate attacking threat and away fixture temper upside; consensus models suggest mid-range return.",3.06
329,Wilson,MID,10,6.1,32,0,4,5.0,4.333,53.667,FUL,LIV,A,3.0,63,1.9,2.1,95,2.03,5.1,92,4.69,2.85,4.1,68,"Wilson faces difficult Liverpool defence away, limited recent minutes (54 in 3GW) despite decent form, ensemble models suggest mid-range return.",2.79
421,Rodrigo,MID,13,6.3,32,0,4,6.0,7.6,90.0,MCI,CHE,A,3.5,65,2.25,2.2,95,2.08,4.7,90,4.23,2.84,4.1,68,"Solid recent form (6.0 avg) and high ICT suggest attacking threat, but tough away fixture at Chelsea (FDR 4) limits upside; ensemble of models converges around 4-4.7 range.",2.79
146,Dunk,DEF,6,4.5,32,0,2,4.0,2.7,60.0,BHA,BUR,A,3.1,78,2.46,1.7,95,1.66,4.7,95,4.46,2.84,4.1,68,"Dunk faces a favorable fixture (FDR 2) but recent form is inconsistent with low minutes averaging 60/90, though model consensus (XGB 3.1, LLM 4.7) suggests modest returns.",2.79
390,Gravenberch,MID,12,5.5,32,1,2,2.333,3.867,73.333,LIV,FUL,H,3.4,78,2.69,2.2,95,2.12,4.2,89,3.74,2.84,4.1,68,"Good fixture vs Fulham, decent form (2.3 avg) and high ICT (3.9), but recent minutes (73) suggest rotation risk limits upside potential.",2.79
402,Aït-Nouri,DEF,13,5.7,32,0,4,5.667,4.667,85.333,MCI,CHE,A,3.2,47,1.52,1.6,95,1.48,6.0,95,5.7,2.83,4.5,58,Solid form and minutes against tough Chelsea defence creates conflicting signals; moderate defensive return likely in difficult away fixture.,2.61
354,Ampadu,MID,11,4.9,32,0,4,3.667,4.5,90.0,LEE,MUN,A,2.9,73,2.09,4.5,95,4.26,3.0,95,2.85,2.8,3.1,65,Ampadu faces difficult Man Utd defence away; limited ICT suggests low attacking threat despite full minutes.,2.02
235,Palmer,MID,7,10.6,32,1,4,4.0,6.6,86.333,CHE,MCI,H,4.9,10,0.49,2.4,95,2.29,5.4,85,4.59,2.8,5.1,75,"Palmer in strong form (4.0 avg) with high ICT; despite tough MCI fixture, other models align around 5.0+ and home advantage supports attacking returns.",3.82
290,Branthwaite,DEF,9,5.3,32,0,4,5.0,4.0,57.333,EVE,BRE,A,3.0,79,2.38,1.9,92,1.71,5.0,87,4.35,2.78,4.1,65,Branthwaite's recent form is solid (5.0 avg) but minutes are concerning at 57/3GW; away fixture vs Brentford (mid-difficulty) offers limited defensive appeal despite reasonable ICT.,2.66
242,Dewsbury-Hall,MID,9,5.1,32,0,4,5.667,5.833,89.333,EVE,BRE,A,3.8,50,1.88,2.7,95,2.53,4.3,89,3.83,2.76,4.1,68,Solid recent form (5.7 avg) but away to Brentford (FDR 4) limits upside; high minutes suggest involvement but other models slightly cautious.,2.79
256,Muñoz,DEF,8,5.8,32,1,3,3.667,5.733,83.667,CRY,NEW,H,4.2,24,1.01,2.3,95,2.15,5.3,89,4.72,2.75,4.6,68,"Home fixture vs Newcastle with decent form (3.7 avg) and high ICT (5.7), though other models suggest moderate output around 4-5 pts.",3.13
324,Iwobi,MID,10,6.4,32,0,4,5.0,7.4,89.667,FUL,LIV,A,3.7,44,1.61,1.6,95,1.48,5.7,93,5.3,2.75,4.5,58,"Solid recent form and high ICT suggest attacking threat, but difficult away fixture at Liverpool and inconsistent other model predictions create uncertainty.",2.61
615,Summerville,MID,19,5.6,32,1,2,2.333,6.933,89.667,WHU,WOL,H,4.4,17,0.75,3.8,91,3.5,4.7,78,3.67,2.74,4.5,68,"Summerville faces favorable WOL fixture but recent form modest at 2.3; underlying models (XGB 4.4, LLM 4.7) suggest mid-range return with consistent minutes justifying slight uplift.",3.06
407,Matheus N.,DEF,13,5.3,32,0,4,3.667,6.167,90.0,MCI,CHE,A,3.6,51,1.82,1.5,95,1.46,5.2,94,4.89,2.74,4.1,68,"Solid defensive form (3.7 avg) facing tough Chelsea fixture, but strong underlying stats (XGB 3.6, LLM 5.2) suggest reasonable returns despite FDR-4 challenge.",2.79
163,Hinshelwood,MID,6,5.1,32,0,2,3.333,6.367,81.667,BHA,BUR,A,3.9,28,1.09,2.5,95,2.37,4.9,95,4.66,2.73,4.1,68,"Decent form (3.3 avg) against easy fixture (FDR 2), but inconsistent minutes and modest ICT limit upside; other models suggest 3.9-4.9 range.",2.79
173,Wieffer,MID,6,4.9,32,0,2,3.333,4.167,78.667,BHA,BUR,A,3.5,52,1.85,2.2,95,2.06,4.6,92,4.23,2.73,4.1,68,Consistent midfielder with decent form (3.3 avg) facing weak Burnley; moderate ICT and recent minutes suggest solid floor with limited ceiling upside.,2.79
207,Hannibal,MID,3,4.7,32,1,3,4.667,4.7,81.333,BUR,BHA,H,3.1,68,2.1,1.6,95,1.54,5.4,90,4.86,2.72,4.1,58,Inconsistent form (4.7 avg) with moderate ICT against decent Brighton defense; XGB/LLM divergence suggests high uncertainty.,2.38
661,Ekitiké,FWD,12,9.3,32,1,2,6.0,6.833,63.667,LIV,FUL,H,4.4,13,0.58,2.1,90,1.89,6.2,87,5.39,2.7,5.1,58,"Inconsistent minutes (64 avg) against Fulham's weak defence, but elevated by strong ICT form (6.8) and LLM model agreement (6.2); XGB suggests caution.",2.96
408,Rúben,DEF,13,5.5,32,0,4,5.0,3.1,75.0,MCI,CHE,A,3.2,80,2.58,1.5,90,1.32,5.3,84,4.45,2.68,4.1,58,Decent form (5.0) but tough away fixture at Chelsea (FDR 4) with moderate ICT (3.1) and inconsistent minutes limit upside.,2.38
660,Stach,MID,11,4.7,32,0,4,3.667,7.367,90.0,LEE,MUN,A,3.0,51,1.54,3.4,95,3.25,3.9,95,3.7,2.67,3.8,58,Decent form (3.7 avg) but tough away fixture at Man United (FDR 4) limits upside despite consistent minutes.,2.2
725,Hincapie,DEF,1,5.1,32,1,3,4.333,3.033,90.0,ARS,BOU,H,4.0,10,0.4,2.6,95,2.44,5.4,84,4.54,2.66,4.8,68,Consistent 90-min defender with solid form against weak BOU; model consensus (4.0-5.4) suggests reliable clean sheet potential at home.,3.26
299,Ndiaye,MID,9,6.2,32,0,4,4.0,3.567,90.0,EVE,BRE,A,3.9,28,1.1,2.1,95,2.0,5.0,95,4.75,2.66,4.3,65,"Consistent recent form (4.0 avg) against moderate fixture, but away status and middling ICT (3.6) slightly temper expectations despite LLM optimism.",2.8
442,Maguire,DEF,14,4.4,32,1,2,1.333,2.433,88.0,MUN,LEE,H,3.8,66,2.5,2.2,95,2.04,4.0,85,3.4,2.65,3.9,68,"Maguire faces a favorable fixture vs Leeds, but inconsistent form (1.3 avg) and moderate ICT (2.4) limit upside despite solid minutes and model consensus.",2.65
633,H.Bueno,DEF,20,4.3,32,0,2,3.667,4.1,63.667,WOL,WHU,A,3.0,77,2.27,1.8,95,1.72,4.7,94,4.42,2.65,3.8,58,Low recent minutes (64 in 3GW) limits ceiling despite favorable WHU fixture; ensemble models suggest modest return slightly above average.,2.2
488,Bruno G.,MID,15,6.8,32,0,3,3.667,4.033,30.0,NEW,CRY,A,3.2,85,2.74,2.9,87,2.53,4.2,71,2.98,2.65,3.8,62,Inconsistent minutes (30 in 3GW) and moderate form (3.7) against decent Palace defense; consensus models suggest low-to-mid return.,2.36
815,Disasi,DEF,19,4.5,32,1,2,2.0,1.533,90.0,WHU,WOL,H,4.0,50,2.01,3.1,95,2.97,3.2,95,3.04,2.65,3.8,68,"Disasi faces favorable WOL matchup with excellent recent form (90min consistency), but xG-based models suggest modest returns for a defender with limited attacking threat.",2.58
110,Kayode,DEF,5,4.5,32,1,3,4.333,4.4,90.0,BRE,EVE,H,3.4,81,2.75,2.5,95,2.37,3.6,85,3.06,2.64,3.5,68,"Consistent full-back getting 90 mins vs weak Everton, but limited attacking returns and model consensus suggests modest points.",2.38
121,Damsgaard,MID,5,5.6,32,1,3,7.333,7.633,67.667,BRE,EVE,H,2.8,51,1.45,1.8,86,1.59,6.4,67,4.29,2.61,4.8,65,"Inconsistent form with high ICT suggests potential, but low minutes (68/270) and model divergence indicate uncertainty despite favorable home fixture vs Everton.",3.12
120,Schade,MID,5,6.9,32,1,3,4.0,3.967,76.0,BRE,EVE,H,3.5,46,1.62,2.2,94,2.07,4.9,79,3.87,2.6,4.2,68,"Decent form (4.0 avg) vs vulnerable Everton defense, but limited minutes suggest rotation risk and inconsistent playing time.",2.86
403,Gvardiol,DEF,13,5.9,32,0,4,5.0,4.733,71.0,MCI,CHE,A,3.0,76,2.25,1.1,89,0.95,5.6,79,4.42,2.6,4.1,68,Gvardiol offers defensive returns at a difficult away fixture; recent form solid (5.0) but Chelsea's attack limits upside despite his attacking threat.,2.79
348,Rodon,DEF,11,3.9,32,0,4,4.0,2.267,88.667,LEE,MUN,A,2.9,81,2.33,3.8,95,3.6,2.7,95,2.56,2.6,2.8,68,Difficult away fixture at Manchester with poor recent form (4.0 avg) and low ICT suggests limited attacking returns; defensive clean sheet unlikely against top-6 opponent.,1.9
291,Tarkowski,DEF,9,5.7,32,0,4,6.0,3.133,60.0,EVE,BRE,A,3.6,48,1.74,2.3,84,1.9,5.4,76,4.1,2.6,4.1,65,Tarkowski shows inconsistent form (6.0 avg but only 60 mins/GW) against moderate fixture; XGB conservative while LLM bullish suggests uncertainty.,2.66
444,Yoro,DEF,14,4.1,32,1,2,2.0,2.567,90.0,MUN,LEE,H,3.4,81,2.77,3.1,95,2.98,2.9,95,2.76,2.59,3.2,58,New/young defender with limited form data; home fixture vs Leeds offers clean sheet potential but inconsistent minutes history suggests rotation risk despite recent 90-min appearances.,1.86
72,Senesi,DEF,4,5.1,32,0,5,8.333,3.1,90.0,BOU,ARS,A,3.0,68,2.07,1.1,86,0.96,5.6,80,4.48,2.58,4.1,68,"Solid form and full minutes, but difficult away fixture at Arsenal limits ceiling; LLM optimistic given XGB, settling middle ground.",2.79
526,Igor Jesus,FWD,16,5.8,32,1,3,4.0,4.467,74.0,NFO,AVL,H,3.5,61,2.12,3.8,95,3.59,3.1,82,2.54,2.58,3.2,65,Inconsistent form (4.0 avg) with limited minutes (74/3GW) against decent Aston Villa defense; model consensus around 3.2-3.5.,2.08
370,Frimpong,DEF,12,5.7,32,1,2,5.667,1.8,49.0,LIV,FUL,H,3.0,84,2.56,1.2,81,0.96,5.4,76,4.1,2.5,4.1,58,"Limited recent minutes (49 in 3GW) despite favorable fixture; other models diverge significantly, suggesting uncertainty in playing time.",2.38
683,Alderete,DEF,17,4.1,32,1,3,4.333,4.567,90.0,SUN,TOT,H,3.4,77,2.63,2.0,95,1.91,3.6,87,3.13,2.49,3.5,65,Solid defensive form (90 min consistently) but difficult fixture vs Tottenham's attacking threat limits upside.,2.28
544,Diarra,MID,17,5.3,32,1,3,4.667,3.767,90.0,SUN,TOT,H,4.2,26,1.08,2.4,95,2.26,4.2,89,3.74,2.48,4.2,68,Consistent form (4.7 avg) and full minutes against tough Spurs defense (FDR 3) suggests modest return; aligned with model consensus.,2.86
47,Rogers,MID,2,7.5,32,0,3,1.667,4.1,90.0,AVL,NFO,A,4.6,10,0.46,3.3,95,3.13,3.9,87,3.39,2.46,4.2,68,Consistent 90-min midfielder with moderate form against favorable fixture; XGB slightly bullish but ICT lacks explosive potential.,2.86
473,Hall,DEF,15,5.4,32,0,3,2.667,3.2,90.0,NEW,CRY,A,4.1,10,0.41,2.6,95,2.45,4.4,87,3.83,2.46,4.2,75,Consistent 90-min defender with solid form (2.7) facing favorable Palace (FDR 3); XGB/LLM consensus supports 4.1-4.4 range.,3.15
532,Hume,DEF,17,4.5,32,1,3,4.0,2.033,90.0,SUN,TOT,H,3.5,74,2.59,1.8,95,1.67,3.8,91,3.46,2.45,3.6,58,Consistent starter with full minutes but weak form (4.0 avg) and low ICT against strong TOT attack limits upside despite home advantage.,2.09
458,Mainoo,MID,14,4.6,32,1,2,2.667,3.733,85.0,MUN,LEE,H,3.3,82,2.67,2.1,95,1.97,3.2,95,3.04,2.45,3.4,62,"Mainoo shows modest recent form (2.7pts/GW) with decent minutes; easy fixture vs LEE supports slight uptick, but ICT suggests limited involvement.",2.11
108,Ajer,DEF,5,4.4,32,1,3,2.667,2.6,79.667,BRE,EVE,H,3.3,86,2.86,2.0,95,1.94,3.1,91,2.82,2.45,3.2,68,"Solid defender with decent form against mid-table Everton, but low ICT and minutes concerns limit upside.",2.18
371,Kerkez,DEF,12,5.6,32,1,2,2.333,1.233,51.333,LIV,FUL,H,3.2,67,2.14,1.7,93,1.61,3.9,87,3.39,2.43,3.8,68,Kerkez faces favorable FUL fixture but low recent minutes (51/3GW) and minimal ICT suggest limited involvement; XGB/LLM consensus around 3.5-3.9 with modest upside for clean sheet.,2.58
708,M.Fernandes,MID,19,5.5,32,1,2,1.667,1.133,90.0,WHU,WOL,H,4.0,50,1.99,2.8,95,2.7,2.7,95,2.56,2.43,3.8,65,Home fixture vs Wolves (favorable FDR) but recent form weak at 1.7 pts/game and low ICT; XGB model suggests modest upside.,2.47
261,Richards,DEF,8,4.4,32,1,3,3.667,3.733,90.0,CRY,NEW,H,3.9,24,0.94,2.2,95,2.12,3.9,95,3.7,2.42,3.9,75,Consistent 90-min defender with solid form and ICT; favorable home fixture vs Newcastle supports baseline model predictions.,2.92
525,Wood,FWD,16,7.1,32,1,3,2.0,3.067,75.333,NFO,AVL,H,3.0,87,2.63,1.9,95,1.82,3.8,84,3.19,2.42,3.5,58,"Moderate form with decent home fixture, but low ICT and recent minutes concerns limit upside despite reasonable XGB projection.",2.03
160,Minteh,MID,6,5.5,32,0,2,3.333,4.967,40.0,BHA,BUR,A,3.1,77,2.42,1.8,87,1.6,4.2,81,3.4,2.41,3.8,58,Low minutes (40 in 3GW) and moderate form (3.3) offset by excellent fixture; other models suggest 3.1-4.2.,2.2
287,Pickford,GK,9,5.6,32,0,4,3.333,2.333,90.0,EVE,BRE,A,4.0,54,2.16,2.0,95,1.93,3.3,95,3.14,2.4,3.5,68,Pickford faces mid-difficulty Brentford away with moderate form (3.3) and low ICT; decent consistency but limited upside from GK position.,2.38
706,Justin,DEF,11,3.9,32,0,4,3.333,2.4,83.0,LEE,MUN,A,3.0,82,2.42,3.7,95,3.51,2.2,89,1.96,2.38,2.8,58,Away at tough Manchester fixture with poor recent form (3.3 avg) and low ICT despite decent minutes suggests limited attacking returns and defensive vulnerability.,1.62
26,Zubimendi,MID,1,5.1,32,1,3,2.333,1.233,86.333,ARS,BOU,H,3.5,61,2.12,3.0,95,2.88,2.8,94,2.63,2.36,3.1,58,Zubimendi shows poor form (2.3) and low ICT despite favorable fixture; limited attacking returns expected for a midfielder in defensive role.,1.8
506,Murillo,DEF,16,5.2,32,1,3,3.0,2.467,90.0,NFO,AVL,H,4.0,17,0.68,3.2,95,3.06,3.3,92,3.04,2.34,3.8,68,"Solid form and full minutes at home, but Aston Villa attack poses moderate threat; defensive defender against good side.",2.58
225,James,DEF,7,5.6,32,1,4,4.667,1.533,89.333,CHE,MCI,H,3.7,48,1.8,1.9,94,1.79,3.7,85,3.14,2.33,3.8,68,"Chelsea defender at home against strong Manchester City; decent recent form (4.7 avg) and full minutes, but tough opponent and low ICT (1.5) limit upside.",2.58
419,Grealish,MID,9,6.3,32,0,4,3.333,7.033,65.667,EVE,BRE,A,3.1,87,2.71,2.6,94,2.43,2.7,86,2.32,2.33,3.2,58,Grealish shows poor recent form (3.3 avg) with limited minutes (66/3GW) against tough Brentford away; consensus models lean toward floor with minimal upside.,1.86
260,Guéhi,DEF,13,5.1,32,0,4,3.0,4.267,90.0,MCI,CHE,A,3.6,60,2.16,1.6,95,1.53,3.6,95,3.42,2.32,3.2,68,Difficult away fixture vs Chelsea (FDR 4) limits defensive returns despite consistent minutes; XGB/LLM consensus around 3.6 suggests modest output.,2.18
343,Struijk,DEF,11,4.3,32,0,4,4.0,2.933,90.0,LEE,MUN,A,2.5,47,1.2,3.6,95,3.47,3.1,90,2.79,2.32,2.8,65,"Difficult away fixture vs Man Utd (FDR 4), recent form underwhelming at 4.0 avg, XGB model suggests minimal returns for defender in tough matchup.",1.82
600,Areola,GK,19,4.3,32,1,2,2.333,1.667,90.0,WHU,WOL,H,3.5,75,2.63,2.9,95,2.76,1.9,95,1.8,2.32,3.2,65,"Areola faces favorable fixture vs Wolves, but recent form (2.3 avg) and low ICT (1.7) suggest limited attacking threat; typical GK return expected.",2.08
109,Henry,DEF,5,4.3,32,1,3,2.333,3.1,90.0,BRE,EVE,H,3.1,91,2.86,2.3,95,2.18,2.6,94,2.44,2.31,3.0,58,Consistent minutes and decent form but moderate fixture difficulty; defender against Everton offers limited attacking upside.,1.74
642,Hee Chan,MID,20,5.6,32,0,2,2.333,1.967,74.333,WOL,WHU,A,3.4,55,1.87,1.5,93,1.44,4.1,84,3.44,2.31,3.8,65,"Hwang faces tough WHU away (FDR 2) with recent poor form (2.3 avg) and limited minutes, though other models suggest slight upside at 3.4-4.1.",2.47
654,Strand Larsen,FWD,8,6.1,32,1,3,2.667,4.167,75.667,CRY,NEW,H,3.4,83,2.82,2.0,92,1.87,3.1,79,2.45,2.3,3.2,65,"Moderate form (2.7 avg) against decent defense (FDR 3), limited minutes trend concerning despite home advantage.",2.08
521,Sangaré,MID,16,4.9,32,1,3,2.0,2.433,90.0,NFO,AVL,H,3.5,47,1.66,3.7,95,3.54,2.3,93,2.14,2.28,3.1,58,Consistent minutes but low form (2.0) and ICT (2.4) against moderate difficulty; ensemble models suggest modest return with slight upside from home advantage.,1.8
417,Cherki,MID,13,6.3,32,0,4,3.0,5.9,66.667,MCI,CHE,A,3.0,89,2.69,1.6,94,1.51,3.2,89,2.85,2.27,3.1,65,"Consistent low output (3.0 form, 67 min/GW) vs strong Chelsea defense (FDR 4); limited playing time and minimal attacking returns suggest near-baseline return.",2.02
64,Watkins,FWD,2,8.5,32,0,3,1.0,1.9,71.333,AVL,NFO,A,3.5,76,2.67,2.9,95,2.71,2.1,85,1.78,2.26,3.2,58,Poor form (1.0 avg) and low minutes despite favorable fixture; XGB model suggests modest return against mid-table opponent.,1.86
614,Ward-Prowse,MID,3,5.6,32,1,3,2.667,3.5,65.667,BUR,BHA,H,3.1,80,2.52,1.9,95,1.8,2.8,90,2.52,2.26,3.2,68,Decent fixture but recent form underwhelming; limited minutes (66 avg) and low ICT suggest reduced attacking threat despite set-piece potential.,2.18
416,Bernardo,MID,13,6.2,32,0,4,2.0,7.233,90.0,MCI,CHE,A,3.6,54,1.96,3.2,95,3.02,2.3,95,2.18,2.26,3.2,58,"Inconsistent form (2.0 avg) against tough Chelsea defense (FDR 4), though full minutes suggest starting; XGB model slightly optimistic given recent output.",1.86
119,Mbeumo,MID,14,8.6,32,1,2,1.667,4.6,78.333,MUN,LEE,H,4.4,10,0.44,2.1,93,1.97,4.4,78,3.43,2.26,4.3,75,"Mbeumo faces Leeds (excellent fixture) at home with consistent form (1.7 avg) and high ICT (4.6), supported by model consensus around 4.4.",3.22
491,Tonali,MID,15,5.3,32,0,3,3.0,4.467,65.0,NEW,CRY,A,3.1,82,2.53,2.1,95,1.99,2.9,87,2.52,2.25,3.0,65,Moderate form with limited minutes (65/180) and inconsistent ICT suggests Tonali will likely return baseline with minimal differential upside against mid-tier CRY fixture.,1.95
610,Wan-Bissaka,DEF,19,4.1,32,1,2,3.0,2.033,90.0,WHU,WOL,H,4.1,10,0.41,2.8,95,2.63,3.5,95,3.32,2.24,3.8,68,Consistent minutes and great fixture (FDR2) offset by modest form; XGB model slightly bullish but recent ICT low suggests limited attacking threat.,2.58
6,Saliba,DEF,1,6.1,32,1,3,4.0,3.1,60.0,ARS,BOU,H,3.6,10,0.36,2.6,89,2.29,4.7,75,3.53,2.24,4.1,68,"Reliable defensive contributor with decent form against weak fixture, but low minutes trend (60 avg) slightly limits ceiling.",2.79
469,Pope,GK,15,5.1,32,0,3,2.0,3.467,90.0,NEW,CRY,A,3.6,61,2.2,2.2,95,2.06,2.9,95,2.76,2.24,3.1,62,Pope faces moderate-difficulty Crystal Palace away with solid recent form (2.0 avg) but limited offensive potential as goalkeeper; XGB slightly higher suggests defensive stability.,1.92
736,Donnarumma,GK,13,5.6,32,0,4,3.667,2.667,90.0,MCI,CHE,A,3.3,59,1.94,1.2,95,1.14,3.7,95,3.52,2.24,3.5,68,"Solid form but Chelsea away is challenging; model consensus around 3.3-3.7, limited attacking support from defense reduces ceiling.",2.38
32,Martinez,GK,2,5.1,32,0,3,1.333,2.667,90.0,AVL,NFO,A,3.8,64,2.43,2.7,95,2.59,2.1,82,1.72,2.23,3.2,68,"Solid fixture vs Nottingham Forest (FDR 3), full minutes played recently, but form slightly below average and XGB model suggests modest returns.",2.18
411,O'Reilly,DEF,13,5.0,32,0,4,7.667,6.633,53.0,MCI,CHE,A,2.4,10,0.24,0.7,92,0.66,6.6,86,5.68,2.2,3.8,58,Low recent minutes (53 in 3GW) and tough away fixture at Chelsea despite decent ICT form; model consensus suggests below-average output.,2.2
508,N.Williams,DEF,16,4.7,32,1,3,2.0,2.667,78.0,NFO,AVL,H,3.4,54,1.82,3.4,93,3.16,2.4,81,1.94,2.18,3.1,58,Poor form (2.0 avg) and low minutes (78/3GW) limit ceiling despite favorable home fixture vs Aston Villa; XGB suggests slightly higher potential but inconsistency evident.,1.8
205,Cullen,MID,3,4.9,32,1,3,2.667,3.733,90.0,BUR,BHA,H,3.4,66,2.23,2.3,95,2.2,2.6,95,2.47,2.18,3.1,58,Moderate fixture vs Brighton with consistent minutes but below-average form and ICT; ensemble models suggest marginal contribution.,1.8
497,L.Miley,MID,15,4.4,32,0,3,4.0,4.2,67.667,NEW,CRY,A,2.7,82,2.25,2.1,95,1.96,3.1,84,2.6,2.17,3.2,58,Low recent form (4.0 avg) and limited minutes (68/180) suggest rotation risk; away fixture vs Crystal Palace offers no boost despite decent FDR.,1.86
591,Gray,MID,18,4.8,32,0,4,4.0,4.033,90.0,TOT,SUN,A,3.5,43,1.52,2.0,95,1.89,3.3,95,3.14,2.16,3.2,65,Consistent recent form (4.0 avg) but tough away fixture at Southampton (FDR 4) limits upside; midfield scorer facing defensive challenge.,2.08
644,Bellegarde,MID,20,5.1,32,0,2,2.0,3.233,65.333,WOL,WHU,A,3.0,93,2.81,1.9,95,1.84,2.5,94,2.35,2.16,2.8,58,"Poor recent form (2.0 avg), limited minutes (65 in 3GW), and difficult away fixture vs WHU despite favourable FDR rating.",1.62
505,Milenković,DEF,16,5.1,32,1,3,2.333,1.533,90.0,NFO,AVL,H,3.9,16,0.62,3.2,95,3.01,3.0,88,2.64,2.16,3.5,68,Solid defender with full minutes but weak recent form (2.3 avg) against mid-table opponent; XGB model suggests modest return.,2.38
101,Kelleher,GK,5,4.8,32,1,3,2.333,1.367,60.0,BRE,EVE,H,3.0,92,2.75,2.1,95,2.01,2.6,87,2.26,2.16,2.8,58,Limited recent minutes (60 in 3GW) and low ICT suggest reduced involvement; Everton attacking threat presents clean sheet risk despite home advantage.,1.62
452,Amad,MID,14,6.2,32,1,2,1.333,4.133,39.667,MUN,LEE,H,3.0,81,2.45,1.7,92,1.56,3.3,84,2.77,2.16,3.2,58,Very limited minutes (40 in 3GW) despite good fixture; inconsistent form and low ICT suggest bench risk despite XGB/LLM support.,1.86
430,Haaland,FWD,13,14.5,32,0,4,2.667,3.4,60.0,MCI,CHE,A,3.3,41,1.34,1.6,86,1.41,4.4,69,3.04,2.14,4.1,68,Haaland faces tough Chelsea defence away; recent form dipping (2.7 avg) and limited minutes (60) concerning despite elite pedigree.,2.79
74,Truffert,DEF,4,4.7,32,0,5,7.667,4.3,90.0,BOU,ARS,A,2.3,28,0.64,0.8,91,0.75,5.3,94,4.98,2.14,3.8,58,"Excellent recent form (7.7 avg) and full minutes, but Away vs Arsenal (FDR 5) and other models' disagreement (2.3-5.3 range) suggest caution despite strong underlying performances.",2.2
126,Jensen,MID,5,4.9,32,1,3,2.667,3.9,90.0,BRE,EVE,H,3.6,55,2.0,2.5,95,2.42,2.4,94,2.26,2.13,3.2,58,Moderate form (2.7) against decent defence (FDR 3); XGB suggests slight uplift but inconsistent output limits ceiling.,1.86
350,Aaronson,MID,11,5.4,32,0,4,1.667,3.5,60.667,LEE,MUN,A,3.1,89,2.8,2.9,95,2.79,1.4,91,1.27,2.12,2.8,58,"Poor form (1.7 avg), limited minutes (61), tough away fixture at MUN (FDR 4), and conflicting model predictions suggest likely blank/low return.",1.62
699,Douglas Luiz,MID,2,4.9,32,0,3,3.0,4.4,43.0,AVL,NFO,A,2.9,89,2.6,2.3,93,2.16,2.3,79,1.82,2.12,2.8,68,"Luiz struggling with minutes (43 in 3GW) and form, though NFO's weak defense offers some upside in an away fixture.",1.9
300,McNeil,MID,9,5.5,32,0,4,4.667,4.7,83.667,EVE,BRE,A,3.7,43,1.6,2.1,92,1.94,3.4,81,2.75,2.12,3.8,58,"Moderate form (4.7 avg) against mid-difficulty fixture, but other models suggest caution; decent minutes but inconsistent returns typical of mid-table midfielders.",2.2
673,J.Palhinha,MID,18,5.5,32,0,4,2.333,2.9,72.0,TOT,SUN,A,3.6,81,2.93,1.8,95,1.66,2.2,95,2.09,2.12,3.1,58,Moderate midfielder with poor recent form (2.3) and limited minutes (72/3GW avg); facing tough Sun defence away from home with mixed model consensus.,1.8
77,Hill,DEF,4,4.2,32,0,5,6.0,4.267,90.0,BOU,ARS,A,2.2,40,0.9,1.8,95,1.72,4.1,95,3.89,2.12,3.2,62,Hill's solid form (6.0 avg) undermined by difficult away fixture at Arsenal (FDR 5) and model variance; consistent minutes support floor around 3.,1.98
413,Marmoush,MID,13,8.3,32,0,4,2.333,4.8,41.333,MCI,CHE,A,4.1,25,1.02,2.3,91,2.1,3.7,80,2.96,2.11,3.8,62,Marmoush faces tough Chelsea defence; limited recent minutes and inconsistent form suggest modest return despite being in-form City side.,2.36
585,Bentancur,MID,18,5.2,32,0,4,4.333,2.667,90.0,TOT,SUN,A,4.0,50,1.99,1.4,95,1.34,3.2,91,2.91,2.11,3.8,58,"Solid form (4.3 avg) and full minutes, but moderate ICT (2.7) and tough away fixture vs Nottingham limit upside.",2.2
431,Bayindir,GK,14,4.7,32,1,2,1.667,1.5,90.0,MUN,LEE,H,3.6,75,2.67,2.6,95,2.47,1.5,95,1.42,2.1,3.2,58,Bayindir faces Leeds at home (favorable fixture) but shows poor recent form (1.7 avg) and low ICT; XGB model suggests modest return.,1.86
724,Geertruida,DEF,17,4.5,32,1,3,2.333,1.967,78.0,SUN,TOT,H,3.1,82,2.57,1.9,95,1.79,2.2,91,2.0,2.1,3.0,68,"Decent defensive fixture at home, but low recent form and ICT suggest limited attacking returns; XGB model slightly optimistic given 78min average play.",2.04
817,Armstrong,FWD,20,5.2,32,0,2,2.333,2.1,70.333,WOL,WHU,A,3.3,57,1.86,2.0,95,1.94,2.9,95,2.76,2.09,3.1,58,"Low recent form (2.3) and minimal ICT (2.1) against tough WHU defense, though decent fixture difficulty suggests some upside.",1.8
547,E.Le Fée,MID,17,4.9,32,1,3,2.333,2.7,60.0,SUN,TOT,H,3.4,81,2.74,2.1,90,1.86,2.2,77,1.69,2.08,3.1,65,"Decent fixture at home vs Tottenham, but poor recent form (2.3 avg), limited minutes (60), and low ICT suggest inconsistent output; XGB model slightly more optimistic than recent returns.",2.02
502,Sels,GK,16,4.6,32,1,3,3.0,2.067,90.0,NFO,AVL,H,3.3,53,1.75,3.1,95,2.9,2.2,86,1.89,2.08,3.1,58,Sels faces Aston Villa (FDR 3) at home with decent recent form (3.0 avg) but low ICT suggests limited attacking threat; XGB slightly favors a clean sheet scenario.,1.8
59,Onana,MID,2,4.8,32,0,3,2.0,3.433,90.0,AVL,NFO,A,3.8,38,1.46,3.1,95,2.95,2.2,95,2.09,2.08,3.1,58,Moderate form (2.0) with inconsistent ICT (3.4) against favorable fixture; ensemble of models suggests slight underperformance relative to opportunity.,1.8
193,Humphreys,DEF,3,3.9,32,1,3,2.333,3.667,90.0,BUR,BHA,H,3.3,72,2.35,2.0,95,1.94,2.3,95,2.18,2.07,3.1,58,"Consistent starter with decent form (2.3 avg) against favorable opponent, but limited attacking threat and XGB suggests modest returns for a defender.",1.8
341,Darlow,GK,11,3.9,32,0,4,3.667,1.633,90.0,LEE,MUN,A,2.4,49,1.17,3.6,95,3.38,2.4,91,2.18,2.07,2.3,68,"Poor form (3.7 avg), low ICT, difficult away fixture vs MUN, and consensus models suggest minimal returns for backup goalkeeper.",1.56
443,Shaw,DEF,14,4.5,32,1,2,2.0,1.433,57.667,MUN,LEE,H,2.9,94,2.75,1.7,92,1.59,2.6,89,2.31,2.07,2.8,58,"Shaw's recent form is weak (2.0 avg, only 58 min/3GW), though home vs LEE is favorable; limited minutes suggest potential rotation risk.",1.62
84,Tavernier,MID,4,5.4,32,0,5,4.0,8.4,86.667,BOU,ARS,A,3.0,48,1.44,1.7,95,1.63,3.3,94,3.1,2.07,3.1,68,"Difficult away fixture at Arsenal (FDR 5), solid recent form (4.0 avg) but XGB/LLM models suggest modest return; decent minutes indicate playing time.",2.11
440,Dalot,DEF,14,4.6,32,1,2,1.333,2.667,69.667,MUN,LEE,H,3.3,73,2.42,2.0,94,1.85,2.1,90,1.89,2.07,3.1,68,Poor recent form (1.3 avg) and low minutes despite favorable fixture; XGB suggests minimal upside at home vs Leeds.,2.11
470,Dúbravka,GK,3,4.0,32,1,3,2.667,1.867,90.0,BUR,BHA,H,3.2,76,2.42,2.0,95,1.88,2.0,92,1.84,2.06,3.1,68,"Solid form (2.7 avg) and full minutes, but Brighton's decent attack and modest ICT suggest limited clean sheet probability at home.",2.11
311,Beto,FWD,9,5.0,32,0,4,4.333,6.033,74.333,EVE,BRE,A,2.5,74,1.83,2.2,92,2.01,3.2,81,2.59,2.06,3.1,58,Moderate form with low ICT suggests limited big-chance involvement; away fixture vs Brentford (FDR 4) presents defensive challenge despite decent minutes.,1.8
723,Canvot,DEF,8,4.5,32,1,3,3.333,3.367,90.0,CRY,NEW,H,3.9,13,0.5,2.4,95,2.32,3.4,89,3.03,2.05,3.6,65,"Consistent minutes and decent form against favorable fixture, but limited attacking upside for a defender keeps ceiling moderate.",2.34
97,Evanilson,FWD,4,6.8,32,0,5,3.333,5.133,69.333,BOU,ARS,A,3.0,72,2.19,1.7,95,1.61,2.7,94,2.54,2.04,2.8,65,"Low recent form (3.3), limited minutes (69/GW), and tough away fixture vs Arsenal (FDR 5) offset decent ICT; consensus models suggest underwhelming return.",1.82
709,Krejčí,DEF,20,4.5,32,0,2,1.0,1.033,50.0,WOL,WHU,A,2.9,93,2.66,1.8,87,1.56,3.3,73,2.41,2.04,2.8,55,"Minimal recent minutes (50 in 3GW), poor form and ICT, though WHU is favorable fixture.",1.54
198,Tuanzebe,DEF,3,3.9,32,1,3,3.667,4.133,60.0,BUR,BHA,H,2.8,80,2.24,1.9,88,1.66,3.2,75,2.4,2.03,3.1,58,Low recent minutes (60 in 3GW) and modest form (3.7) against decent Brighton attack; other models conservative.,1.8
582,Kudus,MID,18,6.4,32,0,4,2.333,2.867,77.0,TOT,SUN,A,2.9,84,2.45,2.0,95,1.87,2.3,95,2.18,2.03,2.8,58,"Inconsistent form (2.3 avg), moderate fixture difficulty, and limited minutes suggest a below-average return against Nottingham Forest's solid defence.",1.62
489,J.Murphy,MID,15,5.9,32,0,3,3.333,2.833,39.0,NEW,CRY,A,2.8,83,2.3,2.0,88,1.74,2.8,74,2.07,2.02,2.9,68,"Murphy has poor recent form (3.3 avg), minimal minutes (39 in 3GW), and faces a decent defence; other models align at 2.8.",1.97
490,Joelinton,MID,15,5.9,32,0,3,2.333,3.567,67.667,NEW,CRY,A,3.0,86,2.62,2.0,94,1.91,2.1,83,1.74,2.02,2.8,65,"Poor recent form (2.3 pts/gw), low minutes (68 avg), moderate fixture difficulty, and model consensus around 2-3 suggests minimal return away at Crystal Palace.",1.82
374,Konaté,DEF,12,5.5,32,1,2,1.0,1.467,56.0,LIV,FUL,H,3.3,65,2.14,1.8,82,1.45,3.5,66,2.31,2.0,3.2,65,"Konaté faces a favorable fixture but recent minutes are concerning (56 min/3GW) with low form/ICT, though Liverpool's home defensive strength provides some floor.",2.08
107,Lewis-Potter,DEF,5,4.8,32,1,3,2.0,2.8,37.0,BRE,EVE,H,3.1,89,2.74,1.8,90,1.64,2.4,76,1.82,2.0,2.8,65,Poor form (2.0 avg) and minimal minutes (37 over 3GW) despite favorable home fixture; XGB slightly optimistic given playing time concerns.,1.82
597,Richarlison,FWD,18,6.3,32,0,4,5.0,6.733,46.0,TOT,SUN,A,3.3,71,2.37,1.9,85,1.63,3.2,66,2.11,1.98,3.1,58,"Poor recent form (5.0 avg), minimal minutes (46 in 3GW), and moderate away fixture against Southampton offset by decent ICT; consensus models around 3.2-3.3.",1.8
677,Guessand,MID,8,6.2,32,1,3,3.0,2.167,38.667,CRY,NEW,H,2.8,78,2.21,2.2,92,2.01,2.7,81,2.19,1.98,2.6,58,Severe minutes concern (39 mins in 3GW suggests bench rotation) outweighs favorable home fixture despite low FDR.,1.51
807,Rayan,MID,4,5.6,32,0,5,2.667,3.1,83.0,BOU,ARS,A,3.2,72,2.31,1.5,95,1.4,2.6,95,2.47,1.98,2.8,62,"Poor form (2.7 avg), low ICT, and difficult away fixture at Arsenal (FDR 5) offset by decent minutes; other models suggest limited upside.",1.74
52,J.Ramsey,MID,15,5.3,32,0,3,2.333,3.567,60.0,NEW,CRY,A,3.0,83,2.47,2.0,88,1.74,2.7,74,2.0,1.96,2.8,58,"Poor recent form (2.3 avg), limited minutes (60), and away fixture vs moderate defense; consensus models align on low return despite reasonable fixture difficulty.",1.62
516,Hudson-Odoi,MID,16,5.7,32,1,3,2.333,2.667,48.333,NFO,AVL,H,3.3,42,1.37,3.0,93,2.79,2.5,83,2.07,1.96,2.8,58,Minimal recent minutes (48 in 3GW) and poor form (2.3 avg) despite favorable home fixture; models suggest modest return.,1.62
187,Walker,DEF,3,4.4,32,1,3,3.0,1.7,60.0,BUR,BHA,H,2.9,85,2.5,2.0,92,1.83,2.1,79,1.66,1.95,2.8,65,"Poor recent form (3.0 avg), low minutes (60), weak ICT index, and other models suggest subpar output despite home fixture.",1.82
271,Kamada,MID,8,5.0,32,1,3,1.333,2.567,73.0,CRY,NEW,H,3.2,81,2.59,2.1,95,2.02,1.7,91,1.55,1.94,2.8,58,"Poor recent form (1.3 avg), low ICT index, and limited minutes suggest minimal impact despite favorable home fixture vs Newcastle.",1.62
812,Ellborg,GK,17,4.0,32,1,3,4.333,1.767,60.0,SUN,TOT,H,2.8,69,1.92,2.0,88,1.75,3.1,69,2.14,1.94,2.9,68,"GK facing Tottenham (tough fixture), low recent form (4.3) and minimal minutes (60) limit ceiling despite home advantage.",1.97
90,Scott,MID,4,5.0,32,0,5,3.667,5.0,90.0,BOU,ARS,A,2.6,81,2.13,0.9,94,0.88,3.1,95,2.94,1.94,2.8,65,"Difficult away fixture vs Arsenal (FDR 5), below-average form (3.7), and model consensus suggests minimal returns despite consistent minutes.",1.82
37,Digne,DEF,2,4.5,32,0,3,2.0,2.033,50.0,AVL,NFO,A,3.1,67,2.06,3.0,91,2.7,1.7,78,1.33,1.93,2.8,58,"Poor recent form (2.0 avg), minimal minutes (50 in 3GW), and away fixture vs mid-table opposition limit upside despite favorable FDR.",1.62
565,Vicario,GK,18,4.7,32,0,4,1.667,2.267,90.0,TOT,SUN,A,3.3,82,2.67,1.8,95,1.69,1.4,95,1.33,1.93,3.1,65,Inconsistent recent form (1.7 avg) against in-form Sunderland; low ICT suggests limited involvement expected.,2.02
215,Flemming,FWD,3,5.3,32,1,3,2.667,4.267,59.0,BUR,BHA,H,2.9,69,1.97,2.4,91,2.17,2.5,79,1.98,1.93,2.8,58,"Low recent form (2.7 avg), limited minutes (59/3GW suggest bench role), and unfavorable matchup outlook despite home advantage.",1.62
561,Mayenda,FWD,17,5.2,32,1,3,3.667,2.667,52.333,SUN,TOT,H,2.9,84,2.47,1.8,89,1.64,3.1,74,2.29,1.92,2.8,45,"Very limited minutes (52 in 3GW), low ICT, and difficult fixture vs TOT despite home advantage make significant return unlikely.",1.26
191,Estève,DEF,3,3.9,32,1,3,2.333,2.067,84.333,BUR,BHA,H,3.0,88,2.65,1.9,95,1.81,1.8,94,1.69,1.92,2.8,55,Limited minutes and low ICT suggest bench player role; weak form and models averaging 2.4 provide little upside despite home fixture.,1.54
552,Sadiki,MID,17,4.9,32,1,3,2.0,1.933,90.0,SUN,TOT,H,3.4,69,2.34,1.9,95,1.81,1.8,95,1.71,1.92,3.1,58,Consistent minutes but poor recent form and ICT against tough Tottenham fixture; XGB slightly optimistic given weak output.,1.8
627,Johnstone,GK,20,4.4,32,0,2,2.0,2.833,90.0,WOL,WHU,A,3.0,59,1.8,2.2,95,2.13,1.7,95,1.62,1.92,3.1,68,"Johnstone faces WHU away (FDR 2), full minutes recently but poor recent form (2.0 avg) and low ICT suggest limited attacking involvement; XGB model slightly optimistic.",2.11
372,Robertson,DEF,12,5.7,32,1,2,0.667,1.5,38.333,LIV,FUL,H,3.0,72,2.17,1.4,85,1.18,3.0,71,2.13,1.92,3.2,68,Robertson faces elite FDR fixture but recent form and minutes played are concerning; consistency model and XGB both suggest modest return for premium defender.,2.18
162,Gruda,MID,6,5.4,32,0,2,1.667,2.2,43.667,BHA,BUR,A,2.8,90,2.52,1.7,93,1.57,2.3,91,2.09,1.91,2.5,58,"Minimal recent minutes (44 in 3GW), low ICT, and away fixture to Burnley limit upside despite friendly FDR.",1.45
58,Kamara,MID,2,4.9,32,0,3,1.667,2.767,57.333,AVL,NFO,A,3.0,93,2.77,1.9,95,1.85,1.6,88,1.41,1.91,2.8,58,Limited minutes (57 avg) and low ICT suggest peripheral role; away fixture vs mid-table team offers modest upside but recent form underwhelming.,1.62
237,Enzo,MID,7,6.6,32,1,4,2.333,4.433,84.333,CHE,MCI,H,3.8,36,1.36,2.2,95,2.13,2.4,95,2.28,1.91,3.2,58,Difficult home fixture vs Manchester City despite decent ICT; inconsistent recent form (2.3 avg) and ensemble models suggest modest return.,1.86
292,Mykolenko,DEF,9,4.9,32,0,4,3.333,2.233,90.0,EVE,BRE,A,3.3,38,1.24,2.0,95,1.91,2.6,92,2.39,1.91,3.1,68,Consistent playing time but away fixture vs Brentford (FDR 4) limits attacking returns; defensive form modest at 3.3 avg.,2.11
330,Berge,MID,10,4.9,32,0,4,2.667,1.233,82.667,FUL,LIV,A,2.9,82,2.38,1.7,95,1.65,2.0,95,1.9,1.91,2.5,68,"Away fixture vs Liverpool (tough FDR 4), low recent form (2.7), minimal ICT involvement (1.2), and ensemble models predict ~2.5pts despite full minutes played.",1.7
36,Cash,DEF,2,4.7,32,0,3,-0.333,1.967,45.0,AVL,NFO,A,3.4,49,1.68,4.7,91,4.29,0.5,76,0.38,1.9,2.8,45,"Cash has minimal recent minutes (45 in 3GW), low form (-0.3), and faces tough away fixture; XGB suggests moderate floor but LLM's pessimism and injury concerns warrant caution.",1.26
106,Collins,DEF,5,4.9,32,1,3,2.0,1.4,60.0,BRE,EVE,H,3.0,97,2.89,1.8,92,1.65,1.7,83,1.41,1.89,2.8,58,"Poor recent form (2.0 avg), limited minutes (60 in 3GW), and low ICT suggest defensive struggles despite home advantage vs EVE.",1.62
81,Kluivert,MID,4,6.9,32,0,5,4.0,6.7,66.0,BOU,ARS,A,2.5,58,1.48,1.7,95,1.62,2.9,91,2.64,1.89,2.8,65,"Poor form (4.0 avg), limited minutes (66), difficult away fixture at Arsenal (FDR 5), and model consensus below average expectations.",1.82
318,Bassey,DEF,10,4.4,32,0,4,3.667,2.867,90.0,FUL,LIV,A,2.7,41,1.13,1.6,95,1.56,3.1,95,2.94,1.88,2.8,68,Away at Liverpool (hardest fixture) with low ICT and other models suggest limited attacking return; clean sheet unlikely but full minutes possible.,1.9
478,Trippier,DEF,15,4.9,32,0,3,2.333,2.8,54.667,NEW,CRY,A,3.0,65,1.97,1.7,91,1.58,2.6,82,2.13,1.88,2.8,65,"Recent form weak (2.3 avg), minimal minutes (55 in 3GW), favorable fixture offset by poor consistency and injury concerns.",1.82
302,Gana,MID,9,5.4,32,0,4,3.0,3.367,88.667,EVE,BRE,A,4.0,31,1.24,2.1,95,1.99,2.5,95,2.38,1.87,3.2,58,"Moderate form (3.0 avg) against tough Brentford away, limited attacking output, midfield minutes solid but inconsistent fantasy returns.",1.86
453,Garnacho,MID,7,6.4,32,1,4,3.0,7.9,61.333,CHE,MCI,H,3.1,85,2.6,1.7,90,1.54,2.5,83,2.07,1.87,2.8,45,"Tough home fixture vs Man City, limited recent minutes (61 in 3GW), and model consensus suggests below-average return despite decent ICT.",1.26
749,Mané,FWD,20,4.4,32,0,2,2.0,2.133,83.0,WOL,WHU,A,3.2,53,1.7,2.0,95,1.88,2.1,95,2.0,1.87,2.8,68,"Poor recent form (2.0 avg), low ICT (2.1), limited minutes, despite facing weak WHU defence (FDR 2).",1.9
337,Raúl,FWD,10,6.2,32,0,4,1.667,1.567,64.0,FUL,LIV,A,2.8,86,2.43,2.0,90,1.77,2.0,80,1.6,1.86,2.4,68,"Poor form (1.7 avg), low minutes (64/3GW), difficult away fixture at Liverpool, and consensus models point to minimal return.",1.63
668,Xhaka,MID,17,5.1,32,1,3,1.333,2.267,66.667,SUN,TOT,H,3.2,77,2.47,2.0,95,1.86,1.7,87,1.48,1.86,2.8,58,Poor recent form (1.3 avg) and limited minutes (67/180) suggest bench risk despite home fixture; difficult opponent TOT dampens upside.,1.62
293,O'Brien,DEF,9,4.9,32,0,4,3.333,2.233,90.0,EVE,BRE,A,3.2,47,1.52,2.4,92,2.19,2.3,85,1.95,1.86,3.1,58,Consistent starter with moderate form but facing tough opponent Brentford (FDR 4); low ICT suggests limited attacking threat.,1.8
476,Burn,DEF,15,5.0,32,0,3,1.0,1.667,64.333,NEW,CRY,A,3.1,71,2.2,1.9,95,1.76,2.1,84,1.76,1.84,2.8,58,"Poor recent form (1.0 avg), limited minutes (64/3GW), and difficult away fixture at Crystal Palace offset by defensive stability.",1.62
593,P.M.Sarr,MID,18,4.5,32,0,4,2.0,2.467,70.667,TOT,SUN,A,2.8,85,2.35,2.1,91,1.88,1.9,85,1.62,1.84,2.6,58,"Poor recent form (2.0 pts/gw), limited minutes (71/180), and difficult away fixture vs SUN offset by decent ICT; consensus models suggest low return.",1.51
670,Roefs,GK,17,4.8,32,1,3,1.333,1.767,90.0,SUN,TOT,H,3.4,81,2.75,2.0,95,1.92,1.5,92,1.38,1.83,2.8,45,Roefs faces strong attacking Tottenham at home despite full minutes; model disagreement and weak form suggest a blank is likely.,1.26
170,Milner,MID,6,4.9,32,0,2,1.667,1.333,58.333,BHA,BUR,A,2.8,89,2.46,1.7,95,1.61,1.9,95,1.8,1.82,2.1,68,"Milner shows poor recent form (1.7 avg), minimal ICT threat (1.3), and limited minutes (58 across 3GW); away vs Burnley offers no fixture advantage despite FDR 2.",1.43
720,Tolu,FWD,20,5.3,32,0,2,1.667,4.6,43.0,WOL,WHU,A,2.8,93,2.64,2.2,93,2.05,1.8,93,1.67,1.82,2.1,45,"Minimal recent minutes (43 in 3GW), low form average, and away fixture at tough WHU make points unlikely despite decent ICT.",0.94
314,Leno,GK,10,4.9,32,0,4,4.0,1.367,90.0,FUL,LIV,A,2.8,57,1.58,1.5,95,1.41,2.6,90,2.34,1.82,2.9,68,Tough away fixture at Liverpool with poor ICT suggests limited attacking threat; expect defensive performance with clean sheet unlikely.,1.97
50,Buendía,MID,2,5.3,32,0,3,2.0,1.8,72.0,AVL,NFO,A,2.8,79,2.2,1.7,95,1.64,2.1,90,1.89,1.8,2.5,58,"Poor form (2.0 pts/gw), low ICT (1.8), limited minutes (72), and away fixture at decent defense (FDR 3) suggest underwhelming return.",1.45
487,Barnes,MID,15,6.1,32,0,3,1.667,3.667,56.333,NEW,CRY,A,2.8,90,2.54,1.8,95,1.71,1.8,85,1.53,1.8,2.1,68,"Barnes has minimal recent form (1.7 avg), limited minutes (56/3GW), and faces tough CRY defense; models converge on below-average return.",1.43
568,Pedro Porro,DEF,18,5.1,32,0,4,1.0,3.5,84.333,TOT,SUN,A,4.2,47,1.95,1.7,95,1.65,1.2,95,1.14,1.8,3.8,65,"Porro faces tough Southampton away (FDR 4) with poor recent form (1.0 avg), though XGB suggests decent potential; inconsistent returns and limited minutes trend concerning.",2.47
296,Patterson,DEF,9,4.4,32,0,4,3.667,1.5,54.333,EVE,BRE,A,2.5,75,1.88,1.1,93,1.04,2.7,87,2.35,1.79,2.8,68,Low recent minutes (54 in 3GW) and poor form suggest reduced playing time; difficult away fixture vs Brentford compounds concerns.,1.9
665,Perri,GK,11,4.4,32,0,4,4.667,2.0,90.0,LEE,MUN,A,2.4,48,1.14,1.5,94,1.42,3.4,88,2.99,1.79,2.8,58,Away fixture vs high-scoring MUN (FDR 4) limits clean sheet probability; low ICT suggests limited involvement despite full minutes.,1.62
20,Trossard,MID,1,6.6,32,1,3,1.333,1.7,50.0,ARS,BOU,H,2.9,88,2.56,1.9,89,1.7,2.2,73,1.61,1.78,2.8,45,"Poor recent form (1.3 pts/gw), minimal minutes (50 across 3 games), and low ICT suggest bench/rotation risk despite favorable fixture and model disagreement.",1.26
124,Henderson,MID,5,5.0,32,1,3,2.0,1.7,56.333,BRE,EVE,H,2.7,74,2.01,2.0,94,1.85,1.9,86,1.63,1.78,2.5,65,"Limited minutes (56 in 3GW), poor form (2.0 avg), weak ICT index, and other models predict low returns despite favorable home fixture vs Everton.",1.62
400,Ortega Moreno,GK,16,4.7,32,1,3,2.667,1.4,60.0,NFO,AVL,H,2.8,85,2.42,1.9,91,1.76,1.9,77,1.46,1.77,2.5,58,"Low recent form (2.7), limited minutes (60 avg), difficult fixture vs Aston Villa despite home advantage",1.45
217,Foster,FWD,3,4.9,32,1,3,1.333,2.833,66.667,BUR,BHA,H,2.9,83,2.39,2.1,95,1.98,1.7,87,1.48,1.77,2.1,58,Foster shows poor recent form (1.3 avg) and low ICT despite friendly fixture; limited minutes (67 in 3GW) suggest bench role or ineffectiveness.,1.22
376,Gomez,DEF,12,4.9,32,1,2,0.667,1.233,33.667,LIV,FUL,H,3.1,87,2.66,1.8,92,1.67,0.9,93,0.84,1.76,3.2,58,Poor recent form and limited minutes (34 in 3GW) despite favorable fixture; other models suggest low ceiling.,1.86
241,Caicedo,MID,7,5.7,32,1,4,2.333,1.7,80.0,CHE,MCI,H,3.6,37,1.32,2.0,95,1.91,2.1,95,2.0,1.76,3.1,58,"Caicedo faces top-defensive Manchester City at home; poor recent form (2.3 avg), low ICT (1.7), and other models suggest modest return despite friendly fixture difficulty rating.",1.8
54,McGinn,MID,2,5.3,32,0,3,0.667,0.767,20.0,AVL,NFO,A,2.6,75,1.92,3.5,92,3.26,0.7,82,0.57,1.74,2.1,58,"Minimal recent minutes (20 in 3GW), low ICT, and away fixture vs tough defense suggest limited impact despite favorable FDR rating.",1.22
584,Tel,MID,18,6.2,32,0,4,1.667,6.133,65.333,TOT,SUN,A,2.8,69,1.94,2.1,95,2.0,1.9,93,1.77,1.73,2.1,58,"Low recent form (1.7 avg), limited minutes (65 in 3GW), and difficult away fixture vs Southampton despite decent ICT suggests minimal return.",1.22
199,Worrall,DEF,3,3.8,32,1,3,3.0,2.867,78.667,BUR,BHA,H,2.8,64,1.78,1.9,95,1.81,2.0,86,1.72,1.73,2.8,58,"Low recent form (3.0 avg) and limited minutes (79 in 3GW) suggest rotation risk; Brighton's attacking threat and other model predictions (2.8, 2.0) indicate minimal attacking returns expected.",1.62
716,Savona,DEF,16,4.5,32,1,3,1.0,1.967,56.667,NFO,AVL,H,3.0,87,2.63,1.8,92,1.66,1.6,82,1.31,1.72,2.8,45,Low minutes (57 in 3GW) suggests rotation risk; tough fixture vs Aston Villa limits upside despite home advantage.,1.26
494,Willock,MID,15,5.0,32,0,3,2.333,3.3,55.333,NEW,CRY,A,2.8,82,2.32,1.7,92,1.61,1.8,81,1.46,1.72,2.6,58,"Poor recent form (2.3 avg), low minutes (55/3GW), weak ICT index, and tough away fixture vs CRY despite favorable FDR.",1.51
88,Cook,MID,4,4.9,32,0,5,3.667,3.667,90.0,BOU,ARS,A,2.2,64,1.43,1.6,95,1.48,2.5,95,2.38,1.71,2.3,68,"Cook faces elite Arsenal defense (FDR 5) with modest recent form (3.7 avg) and poor model consensus (XGB 2.2, LLM 2.5).",1.56
356,Gruev,MID,11,4.7,32,0,4,2.0,1.267,75.0,LEE,MUN,A,2.7,86,2.3,1.6,90,1.48,1.8,84,1.51,1.71,2.3,68,"Poor form (2.0 avg), low ICT, tough away fixture vs MUN, and model consensus suggests minimal return.",1.56
674,Ramsdale,GK,15,4.8,32,0,3,3.333,1.5,60.0,NEW,CRY,A,3.0,66,1.98,1.8,89,1.61,2.0,72,1.44,1.71,2.8,65,"Away fixture vs Crystal Palace (moderate difficulty), recent form slightly below average with limited minutes and low ICT suggests defensive vulnerability.",1.82
40,Mings,DEF,2,4.3,32,0,3,0.667,2.467,60.0,AVL,NFO,A,3.0,80,2.42,2.1,84,1.77,1.1,67,0.74,1.69,2.8,65,"Poor recent form (0.7 avg), limited minutes (60), and low ICT suggest defensive returns unlikely against mid-table NFO despite decent fixture.",1.82
157,Mitoma,MID,6,6.1,32,0,2,0.667,2.8,45.0,BHA,BUR,A,3.2,92,2.9,1.8,88,1.57,1.2,84,1.01,1.68,2.8,45,"Mitoma severely limited by injuries (15 mins/game avg), facing tough Burnley away despite good fixture rating; XGB suggests minimal upside.",1.26
588,Odobert,MID,18,5.3,32,0,4,3.333,6.367,47.667,TOT,SUN,A,2.7,68,1.82,1.5,89,1.36,2.4,80,1.92,1.68,2.8,58,"Odobert severely limited minutes (48 in 3GW), weak recent form, and away fixture to Sunderland offer minimal upside despite moderate FDR.",1.62
38,Konsa,DEF,2,4.4,32,0,3,0.667,2.267,90.0,AVL,NFO,A,3.7,20,0.75,3.4,92,3.1,1.3,78,1.01,1.68,3.2,58,Solid defender with full minutes but poor recent form (0.7) and low ICT suggests limited attacking threat; modest defensive fixture (FDR 3) provides slight upside.,1.86
715,John,GK,16,4.0,32,1,3,1.333,1.367,90.0,NFO,AVL,H,3.0,78,2.3,1.8,95,1.75,1.5,93,1.4,1.68,2.8,45,"Poor recent form (1.3 avg), low ICT, and average opponent difficulty offer limited upside despite full minutes.",1.26
100,Kroupi.Jr,FWD,4,4.7,32,0,5,1.667,4.333,58.333,BOU,ARS,A,2.7,81,2.2,1.9,95,1.76,1.4,95,1.33,1.68,2.1,68,"Poor recent form (1.7 avg), minimal minutes (58/180), facing elite ARS defense (FDR 5), and low model consensus (XGB 2.7, LLM 1.4) suggest blank likely.",1.43
731,Kevin,MID,10,5.8,32,0,4,2.667,2.767,21.333,FUL,LIV,A,3.0,81,2.46,1.2,90,1.09,1.9,80,1.52,1.67,2.8,58,"Poor recent form (2.7 avg), minimal minutes (21 in 3GW), difficult away fixture vs Liverpool, and model disagreement suggest limited returns.",1.62
322,Tete,DEF,10,4.5,32,0,4,2.667,3.167,86.0,FUL,LIV,A,3.2,49,1.56,1.7,95,1.62,2.0,94,1.88,1.67,2.8,58,"Away fixture at tough Liverpool (FDR 4) limits upside; recent form 2.7 and low ICT 3.2 suggest defensive struggles, though consistent minutes provide baseline floor.",1.62
19,Martinelli,MID,1,6.8,32,1,3,1.0,0.167,35.667,ARS,BOU,H,2.8,87,2.47,2.3,93,2.11,1.4,81,1.13,1.66,2.1,45,"Poor recent form (1.0 avg), minimal minutes (36 in 3GW), and low ICT despite favorable fixture suggest bench/limited role.",0.94
220,Sánchez,GK,7,4.8,32,1,4,1.667,1.067,60.0,CHE,MCI,H,3.0,76,2.25,1.7,95,1.58,1.3,92,1.2,1.66,2.8,58,"Poor recent form (1.7 avg), low ICT, limited minutes, and difficult fixture vs Manchester City suggests low clean sheet probability.",1.62
519,Dominguez,MID,16,5.0,32,1,3,1.0,1.433,36.0,NFO,AVL,H,2.9,90,2.59,2.1,92,1.92,1.1,82,0.9,1.66,2.1,58,"Minimal recent minutes (36 in 3GW), poor form and ICT, though home fixture offers slight support against favorable Aston Villa matchup.",1.22
662,Mosquera,DEF,1,5.3,32,1,3,2.0,1.4,32.0,ARS,BOU,H,2.6,80,2.11,1.6,93,1.46,2.2,84,1.85,1.66,2.1,58,Limited minutes (32 in 3GW) and low ICT suggest bench player; easy fixture provides minimal upside.,1.22
11,White,DEF,1,5.1,32,1,3,2.0,1.1,30.0,ARS,BOU,H,2.7,71,1.88,1.5,90,1.31,2.3,78,1.79,1.65,2.8,58,White's minimal recent minutes (30 in 3GW) and low ICT (1.1) outweigh the favorable home fixture against BOU; other models align with cautious outlook.,1.62
609,Todibo,DEF,19,4.3,32,1,2,3.0,0.7,30.0,WHU,WOL,H,3.0,45,1.35,2.1,86,1.8,2.6,83,2.16,1.64,2.8,45,Todibo's extremely limited minutes (30 in 3GW) and low ICT suggest inconsistent selection; favourable fixture helps but unreliable playing time is the main concern.,1.26
424,Bobb,MID,10,5.1,32,0,4,3.0,2.533,54.667,FUL,LIV,A,2.8,67,1.86,1.7,91,1.51,2.2,82,1.8,1.64,2.4,58,"Low minutes (55 in 3GW), weak form (3.0), difficult away fixture at Liverpool, and consensus models suggest minimal return.",1.39
805,Lucca,FWD,16,5.5,32,1,3,2.333,1.967,35.333,NFO,AVL,H,2.5,55,1.36,1.6,94,1.49,2.5,84,2.1,1.64,2.8,58,"Limited minutes (35 in 3GW) and low form (2.3) despite home fixture against Aston Villa; both models predict 2.5, slight upside from fixture but constrained by playing time.",1.62
726,Kolo Muani,FWD,18,6.9,32,0,4,2.0,2.3,38.0,TOT,SUN,A,2.7,65,1.77,1.8,89,1.61,2.2,82,1.8,1.64,2.4,58,"Poor recent form (2.0 avg), minimal minutes (38 in 3GW), modest fixture difficulty, and model consensus around 2.5 points suggests limited attacking output.",1.39
226,Chalobah,DEF,7,5.5,32,1,4,1.667,1.3,90.0,CHE,MCI,H,4.1,24,0.98,1.8,95,1.68,2.1,95,2.0,1.63,3.2,58,Poor recent form (1.7 avg) and low ICT against elite City attack; difficult fixture limits upside despite full minutes.,1.86
475,Botman,DEF,15,4.9,32,0,3,3.667,1.167,30.333,NEW,CRY,A,3.1,45,1.37,1.5,87,1.28,2.9,72,2.09,1.62,3.0,58,Botman has played only 30 mins in 3GW suggesting injury/rotation concerns; moderate fixture difficulty and low ICT indicate limited offensive potential.,1.74
41,Pau,DEF,2,4.3,32,0,3,0.333,0.733,30.0,AVL,NFO,A,2.6,58,1.49,3.4,92,3.15,0.6,82,0.49,1.62,2.1,65,Limited minutes (30 in 3GW) and poor form (0.3 avg) suggest fringe status; favorable fixture helps slightly but insufficient playing time dominates outlook.,1.37
55,Barkley,MID,2,4.8,32,0,3,4.667,4.067,46.0,AVL,NFO,A,2.6,30,0.77,2.2,87,1.95,2.9,64,1.86,1.62,2.8,68,"Barkley faces favorable FDR 3 fixture but recent form is weak (4.7 pts/3GW avg, only 46 mins), consensus models predict ~2.6-2.9 pts with low ICT involvement.",1.9
284,Nketiah,FWD,8,5.4,32,1,3,4.0,5.3,55.667,CRY,NEW,H,2.8,51,1.43,1.4,89,1.27,2.9,71,2.06,1.61,2.9,58,"Limited minutes (56 in 3GW), low form average, and XGB/LLM agreement on sub-3 output despite favorable home fixture vs Newcastle.",1.68
342,Bogle,DEF,11,4.4,32,0,4,1.667,1.767,67.667,LEE,MUN,A,2.3,56,1.29,2.9,95,2.73,1.3,93,1.21,1.61,2.1,58,"Away fixture vs Man Utd (tough), poor form (1.7 avg), limited minutes (68/270), and consensus models suggest low output (XGB=2.3, LLM=1.3).",1.22
693,Hutchinson,MID,16,5.4,32,1,3,0.667,1.867,33.333,NFO,AVL,H,3.0,80,2.41,2.8,89,2.47,0.8,76,0.61,1.61,2.1,45,Severe minutes shortage (11/GW avg) despite decent fixture; minimal recent form and ICT suggest limited attacking involvement.,0.94
316,Robinson,DEF,10,4.9,32,0,4,2.0,3.2,60.0,FUL,LIV,A,2.8,84,2.33,1.7,91,1.51,1.4,85,1.19,1.61,2.1,68,"Robinson faces Liverpool away (hardest fixture), limited minutes recently (60/3GW), and poor form (2.0/3GW) despite decent ICT suggests defensive struggles.",1.43
276,Devenny,MID,8,4.3,32,1,3,2.0,2.633,69.333,CRY,NEW,H,2.6,54,1.41,2.0,95,1.95,1.8,85,1.53,1.61,2.4,65,"Poor form (2.0 avg), limited minutes (69/3GW), low ICT, and other models suggest underperformance despite home fixture.",1.56
382,Wirtz,MID,12,8.3,32,1,2,1.0,2.733,21.0,LIV,FUL,H,3.7,33,1.22,1.4,92,1.28,3.0,83,2.49,1.6,3.1,45,Low recent minutes (21 in 3GW) and modest ICT despite favorable fixture suggests limited starting chances.,1.4
67,Petrović,GK,4,4.5,32,0,5,5.0,1.833,90.0,BOU,ARS,A,2.1,45,0.94,0.7,94,0.69,3.3,95,3.14,1.6,2.8,58,Away at Arsenal (hardest fixture) with modest form; XGB underscores defensive vulnerability despite consistent minutes.,1.62
262,Chadi Riad,DEF,8,4.0,32,1,3,2.333,0.767,49.333,CRY,NEW,H,2.7,79,2.11,2.0,91,1.81,1.9,78,1.48,1.58,2.1,45,"Minimal recent minutes (49 in 3GW), low ICT index, and bench-prone status suggest limited involvement despite favorable home fixture vs Newcastle.",0.94
39,Maatsen,DEF,2,4.2,32,0,3,1.0,3.6,66.667,AVL,NFO,A,2.6,65,1.71,1.9,91,1.74,1.6,78,1.25,1.58,2.8,58,"Poor recent form (1.0 avg), limited minutes (67/180), and other models predict low returns despite favorable fixture difficulty.",1.62
328,Sessegnon,MID,10,5.4,32,0,4,2.0,2.267,33.0,FUL,LIV,A,2.6,69,1.83,1.8,91,1.62,1.7,85,1.44,1.58,2.1,68,"Poor recent form (2.0 avg), minimal minutes (33/3GW), difficult fixture at Liverpool, and model consensus suggests low output.",1.43
714,Woltemade,FWD,15,6.7,32,0,3,1.0,0.567,40.333,NEW,CRY,A,3.1,73,2.28,1.7,94,1.56,1.5,82,1.23,1.58,2.8,45,"New signing with minimal playing time (40 mins/3GW), low ICT, and inconsistent form makes this a high-risk fixture despite moderate FDR.",1.26
499,Isak,FWD,12,10.3,32,1,2,1.333,0.733,34.333,LIV,FUL,H,4.0,10,0.4,1.8,88,1.58,3.5,74,2.59,1.57,3.8,45,Isak faces weak FUL defense but minimal recent minutes (34 in 3GW) and low ICT suggest limited involvement; XGB/LLM average supports modest return.,1.71
158,Georginio,MID,6,5.6,32,0,2,1.333,2.067,30.0,BHA,BUR,A,2.9,80,2.36,1.7,91,1.53,1.3,90,1.17,1.57,2.1,58,"Minimal recent minutes (30 in 3GW), low ICT and form, though faces weak Burnley defense.",1.22
486,Elanga,MID,15,6.5,32,0,3,1.333,2.133,50.0,NEW,CRY,A,2.6,62,1.6,1.7,92,1.54,2.0,81,1.62,1.56,2.3,65,"Poor recent form (1.3 avg), minimal minutes (50 in 3GW), and low ICT suggest limited impact despite decent fixture; other models align with low expectation.",1.5
553,Talbi,MID,17,4.9,32,1,3,1.333,1.3,50.667,SUN,TOT,H,2.8,78,2.15,1.8,93,1.67,1.4,83,1.16,1.55,2.1,58,"Minimal playing time (51 mins/3GW), low ICT, and tough opponent despite home advantage suggest limited returns.",1.22
181,Kostoulas,FWD,6,4.8,32,0,2,1.0,1.633,34.333,BHA,BUR,A,2.9,75,2.19,1.5,88,1.36,1.6,82,1.31,1.55,2.1,64,"Minimal recent minutes (34 in 3GW), low ICT/form, and backup status limit upside despite favorable fixture.",1.34
228,Gusto,DEF,7,4.9,32,1,4,2.333,2.433,44.667,CHE,MCI,H,3.0,63,1.9,1.7,92,1.52,1.8,85,1.53,1.55,2.8,45,Gusto faces elite MCI attack at home with minimal recent minutes (45 in 3GW) and low ICT; defensive returns unlikely despite good form baseline.,1.26
813,Angulo,MID,17,5.0,32,1,3,1.667,3.233,54.0,SUN,TOT,H,2.6,70,1.85,1.7,94,1.63,1.7,86,1.46,1.54,2.1,58,"Poor recent form (1.7 pts/GW), minimal minutes (54 in 3GW), and tough fixture vs TOT despite home advantage limit upside.",1.22
325,Smith Rowe,MID,10,5.6,32,0,4,1.0,2.733,33.333,FUL,LIV,A,2.7,65,1.76,1.9,91,1.72,1.3,86,1.12,1.51,2.1,68,"Low recent form (1.0), minimal minutes (33 in 3GW), and difficult away fixture at Liverpool; XGB model suggests depressed output.",1.43
794,Alleyne,DEF,13,3.9,32,0,4,4.0,4.8,90.0,MCI,CHE,A,2.2,10,0.22,1.5,95,1.41,2.6,95,2.47,1.5,2.8,68,Backup defender with inconsistent minutes facing strong Chelsea attack; limited attacking returns despite Man City's quality.,1.9
691,Calvert-Lewin,FWD,11,5.6,32,0,4,1.333,3.633,90.0,LEE,MUN,A,4.5,10,0.45,1.9,95,1.83,1.9,95,1.8,1.48,3.2,58,"Poor recent form (1.3 avg) and low ICT (3.6) against strong MUN defense, though full minutes show availability; ensemble models diverge significantly.",1.86
295,Keane,DEF,9,4.6,32,0,4,1.667,2.133,32.667,EVE,BRE,A,2.7,84,2.29,1.6,92,1.44,1.1,86,0.95,1.48,2.1,58,Keane averaging only 1.7pts over 3GW with minimal minutes (33) and low ICT suggests limited playing time; moderate fixture difficulty doesn't offset weak form.,1.22
570,Danso,DEF,18,4.2,32,0,4,2.667,2.533,60.333,TOT,SUN,A,2.4,51,1.2,1.8,90,1.61,1.9,82,1.56,1.47,2.6,58,"Poor recent form (2.7 avg), limited minutes (60 3GW), difficult away fixture vs Sun, and model consensus low (~2.1 avg) suggest below-average return.",1.51
365,Nmecha,FWD,11,5.0,32,0,4,1.0,1.267,32.667,LEE,MUN,A,2.5,70,1.75,1.9,84,1.6,1.5,71,1.06,1.46,2.1,68,"Very low recent minutes (33 in 3GW), tough away fixture at MUN, and weak form/ICT suggest minimal playing time and impact.",1.43
224,Cucurella,DEF,7,6.0,32,1,4,1.0,3.067,33.667,CHE,MCI,H,3.0,58,1.74,1.9,92,1.72,1.4,86,1.2,1.46,2.1,55,"Very limited minutes (34 in 3GW), low ICT, and difficult fixture vs Man City despite home advantage outweighs any defensive upside.",1.16
686,Ngumoha,MID,12,4.3,32,1,2,1.667,4.5,34.0,LIV,FUL,H,2.6,68,1.79,1.6,91,1.45,1.5,90,1.35,1.45,2.1,58,"Limited minutes (34 in 3GW), low form average, and unproven player despite favorable fixture suggest minimal impact.",1.22
663,J.Arias,MID,20,4.9,32,0,2,1.0,0.733,36.333,WOL,WHU,A,2.8,88,2.44,1.4,82,1.18,1.2,76,0.91,1.44,2.1,58,"Arias has minimal recent form (1.0 avg), very low ICT, minimal minutes (36 in 3GW), and models predict poor output despite favorable FDR.",1.22
209,Laurent,MID,3,4.8,32,1,3,1.667,2.633,50.0,BUR,BHA,H,2.7,72,1.95,1.7,93,1.57,1.2,83,1.0,1.43,2.1,58,"Very low recent form (1.7 avg), minimal minutes (50 in 3GW), and weak ICT suggest bench/rotation risk despite home fixture vs mid-table Brighton.",1.22
727,Chukwueze,MID,10,5.3,32,0,4,1.333,2.8,45.333,FUL,LIV,A,2.8,71,1.97,1.5,92,1.41,1.2,86,1.03,1.41,2.1,58,"Limited minutes (45min/3GW), poor form, difficult away fixture at Liverpool, and low model consensus suggest a blank or minimal return.",1.22
477,Livramento,DEF,15,4.9,32,0,3,2.0,0.233,30.0,NEW,CRY,A,2.6,73,1.88,1.8,88,1.55,1.3,75,0.98,1.41,2.1,58,Severe minutes concern (only 30 in 3GW suggests benching/rotation) outweighs decent fixture difficulty; other models align on low output.,1.22
344,Bijol,DEF,11,3.9,32,0,4,3.0,3.533,33.0,LEE,MUN,A,2.2,25,0.54,2.9,91,2.64,1.6,78,1.25,1.41,2.1,58,"Bijol's minimal recent minutes (33 in 3GW), low ICT, and tough away fixture vs MUN suggest limited playing time and defensive vulnerability.",1.22
317,Andersen,DEF,10,4.6,32,0,4,2.333,0.767,30.0,FUL,LIV,A,2.6,76,1.95,1.5,91,1.37,1.3,82,1.07,1.4,2.1,58,"Low recent minutes (30 in 3GW), poor ICT, and extremely difficult fixture vs Liverpool severely limits upside despite decent defensive potential.",1.22
511,Morato,DEF,16,4.3,32,1,3,2.667,2.6,30.0,NFO,AVL,H,2.5,61,1.5,1.7,91,1.54,1.7,78,1.33,1.4,2.1,58,"Minimal recent minutes (30 in 3GW), poor form, and competing models suggest low output despite favorable home fixture.",1.22
129,Yarmoliuk,MID,5,5.0,32,1,3,1.0,1.433,40.333,BRE,EVE,H,2.6,57,1.47,1.7,92,1.54,1.4,83,1.16,1.4,2.1,68,Severe lack of minutes (40 in 3GW) and poor form/ICT suggest limited playing time against mid-table Everton.,1.43
230,Fofana,DEF,7,4.4,32,1,4,1.667,1.5,53.0,CHE,MCI,H,2.4,72,1.74,1.8,91,1.59,1.2,84,1.01,1.39,2.1,58,"Low recent minutes (53 in 3GW), poor form (1.7), and tough opponent Man City limit upside despite home fixture.",1.22
190,Ekdal,DEF,3,3.8,32,1,3,1.333,1.5,60.0,BUR,BHA,H,2.6,59,1.51,1.8,86,1.58,1.7,71,1.21,1.38,2.1,58,"Low recent form (1.3 avg), minimal minutes (60 in 3GW), weak ICT index, and other models suggest below-average return despite favorable fixture.",1.22
672,Hato,DEF,7,4.6,32,1,4,1.0,0.833,57.333,CHE,MCI,H,2.7,80,2.17,1.8,94,1.67,0.8,89,0.71,1.37,2.1,45,"Very low recent form (1.0 avg), minimal minutes (57 in 3GW), and tough fixture vs Man City limits upside despite home advantage.",0.94
551,Rigg,MID,17,4.7,32,1,3,1.0,0.933,30.333,SUN,TOT,H,2.6,71,1.85,1.8,91,1.61,1.0,81,0.81,1.36,1.8,65,Rigg faces tough Tottenham defence with minimal recent minutes (30 in 3GW) and low ICT despite home advantage; limited playing time is the primary concern.,1.17
676,Ugochukwu,MID,3,5.0,32,1,3,1.333,0.667,43.0,BUR,BHA,H,2.6,72,1.9,1.2,88,1.07,1.6,75,1.2,1.35,2.1,58,"Minimal playing time (43 mins/3GW), low ICT, and underperforming XGB suggests bench risk despite home fixture.",1.22
572,Dragusin,DEF,18,4.5,32,0,4,1.667,2.167,59.667,TOT,SUN,A,2.5,65,1.6,1.7,95,1.57,1.1,91,1.0,1.35,2.1,58,"Poor recent form (1.7 avg), limited minutes (60/3GW), and away fixture vs mid-table SUN with moderate difficulty suggests likely clean sheet miss or minimal return.",1.22
717,Xavi,MID,18,6.5,32,0,4,1.0,2.667,35.667,TOT,SUN,A,2.6,54,1.38,1.7,92,1.57,1.3,86,1.12,1.32,2.1,58,"Poor recent form (1.0 avg), minimal minutes (36 in 3GW), and difficult away fixture at Sunderland limit upside despite decent ICT involvement.",1.22
87,Christie,MID,4,4.9,32,0,5,2.667,2.2,53.667,BOU,ARS,A,2.3,52,1.2,1.3,92,1.21,1.6,88,1.41,1.31,2.1,68,"Poor form (2.7 avg), minimal minutes (54 in 3GW), low ICT, and extremely difficult away fixture vs Arsenal.",1.43
587,Bissouma,MID,18,5.2,32,0,4,2.0,1.567,71.333,TOT,SUN,A,2.6,31,0.79,1.5,95,1.38,1.5,93,1.4,1.3,2.8,58,"Poor recent form (2.0 avg), low ICT index (1.6), limited minutes (71), and tough away fixture at Southampton despite moderate FDR rating.",1.62
49,Bailey,MID,2,5.5,32,0,3,2.0,1.833,40.333,AVL,NFO,A,2.5,47,1.18,1.6,92,1.46,1.6,81,1.3,1.29,2.1,58,"Very limited minutes (40 in 3GW), poor form and ICT despite favorable fixture suggest bench role continues.",1.22
456,Sancho,MID,2,5.8,32,0,3,0.667,2.133,28.667,AVL,NFO,A,2.6,65,1.69,2.2,93,2.04,0.7,83,0.58,1.28,1.8,45,Severe lack of minutes (29 in 3GW) despite favorable fixture; inconsistent form and low ICT suggest bench risk outweighs upside.,0.81
144,Coppola,DEF,6,4.2,32,0,2,2.333,1.033,30.0,BHA,BUR,A,2.3,54,1.24,1.4,87,1.21,1.6,83,1.33,1.27,2.1,62,Limited minutes (30 in 3GW) and low ICT despite good fixture suggests bench player status; easy opponent doesn't offset bench risk.,1.3
580,Johnson,MID,8,6.5,32,1,3,2.0,1.933,31.0,CRY,NEW,H,2.2,31,0.69,1.4,90,1.27,2.2,80,1.76,1.26,2.3,58,Very limited minutes (31 in 3GW) and low ICT despite home fixture vs Newcastle suggest bench risk; other models align on low expectation.,1.33
304,Iroegbunam,MID,9,4.8,32,0,4,1.333,1.033,29.333,EVE,BRE,A,2.6,64,1.64,1.3,91,1.17,0.9,86,0.77,1.25,2.1,68,"Iroegbunam lacks minutes (29 in 3GW), poor form (1.3 avg), weak ICT, and faces difficult Brentford away; consensus models align on low output.",1.43
85,Adams,MID,4,4.9,32,0,5,2.0,1.033,42.0,BOU,ARS,A,2.5,59,1.46,1.2,88,1.1,1.2,84,1.01,1.25,2.1,68,"Poor form (2.0 avg), minimal minutes (42 in 3GW), low ICT, and difficult away fixture vs Arsenal limits upside significantly.",1.43
438,Mazraoui,DEF,14,4.9,32,1,2,2.333,0.9,26.0,MUN,LEE,H,2.6,68,1.74,1.1,89,0.94,1.6,87,1.39,1.25,2.1,45,"Mazraoui severely limited by injury (only 26 mins in 3GW), inconsistent minutes trump favorable fixture despite easy opponent.",0.94
335,King,MID,10,4.4,32,0,4,2.333,2.367,46.0,FUL,LIV,A,2.4,40,0.94,1.5,88,1.36,1.6,80,1.28,1.25,2.1,68,"Poor form (2.3 avg), minimal minutes (46 in 3GW), tough away fixture vs Liverpool, and ensemble models predicting sub-par returns.",1.43
808,Abraham,FWD,2,6.0,32,0,3,1.0,2.133,23.0,AVL,NFO,A,2.2,61,1.36,1.9,88,1.67,1.4,73,1.02,1.25,2.1,45,"Minimal recent minutes (23 in 3GW), low form and ICT, away fixture vs mid-table; competing models suggest limited output.",0.94
638,Hoever,DEF,20,3.8,32,0,2,0.333,1.367,31.333,WOL,WHU,A,2.5,48,1.22,2.1,93,1.93,0.6,92,0.55,1.23,2.1,58,"Minimal recent minutes (31 in 3GW), low form, and tough away fixture at WHU despite good FDR rating suggests limited playing time risk.",1.22
718,S.Magassa,MID,19,5.0,32,1,2,0.667,0.633,43.667,WHU,WOL,H,2.7,75,2.01,1.3,90,1.21,0.8,90,0.72,1.22,2.1,45,"Very limited minutes (44 in 3GW), poor form/ICT despite favorable fixture, minimal playing time suggests bench role.",0.94
192,Hartman,DEF,3,4.0,32,1,3,2.0,0.5,24.333,BUR,BHA,H,2.4,70,1.7,1.0,89,0.87,1.2,74,0.89,1.21,2.1,65,Minimal recent minutes (24 in 3GW) and low ICT suggest bench player status; home fixture vs mid-table Brighton offers limited upside.,1.37
575,Van de Ven,DEF,18,4.4,32,0,4,-1.0,0.467,42.333,TOT,SUN,A,2.5,77,1.95,1.8,88,1.55,0.5,74,0.37,1.2,2.1,45,"Poor form (-1.0), minimal minutes (42 across 3GW), low ICT, and difficult away fixture vs Southampton despite moderate FDR rating.",0.94
195,Lucas Pires,DEF,3,3.8,32,1,3,0.667,3.367,75.0,BUR,BHA,H,2.6,45,1.15,2.0,95,1.88,0.9,93,0.84,1.2,2.1,45,"Poor recent form (0.7), limited minutes (75 over 3GW), and low model consensus suggest minimal return against mid-table Brighton.",0.94
796,Gallagher,MID,18,5.1,32,0,4,0.667,0.4,34.667,TOT,SUN,A,2.5,67,1.67,1.5,90,1.31,0.7,85,0.6,1.2,2.1,58,"Poor form (0.7 avg), minimal minutes (35 in 3GW), low ICT, and XGB model suggests minimal return despite decent fixture.",1.22
167,Baleba,MID,6,4.5,32,0,2,1.0,0.5,27.0,BHA,BUR,A,2.5,69,1.71,1.0,92,0.88,1.1,92,1.01,1.2,2.1,58,"Very limited minutes (27 in 3GW), low ICT, and inconsistent form suggest bench rotation risk despite favorable fixture.",1.22
730,Brobbey,FWD,17,5.3,32,1,3,0.667,0.967,25.667,SUN,TOT,H,2.3,53,1.21,1.4,92,1.24,1.0,80,0.8,1.17,2.1,68,Severe minutes drought (26 min/3GW) and poor form (0.7) against strong Tottenham defense outweigh home advantage.,1.43
713,A.Jimenez,DEF,4,4.5,32,0,5,3.667,4.167,69.667,BOU,ARS,A,2.0,23,0.47,0.6,93,0.51,2.4,95,2.28,1.17,2.1,68,"Away at top-4 Arsenal with poor recent form (3.7 avg), limited minutes (70/180), and both model predictions well below average.",1.43
608,Scarles,DEF,19,4.3,32,1,2,2.0,0.867,30.0,WHU,WOL,H,2.3,56,1.29,1.2,92,1.11,1.5,89,1.34,1.17,2.1,45,Very limited minutes (30 in 3GW) and low ICT suggest bench/fringe player despite favorable fixture.,0.94
414,Foden,MID,13,8.0,32,0,4,1.0,3.3,26.333,MCI,CHE,A,3.0,45,1.35,1.0,90,0.91,1.4,83,1.16,1.17,2.8,45,"Foden faces tough Chelsea away, recent poor form (1.0 pts/GW) and minimal minutes (26 in 3GW) suggest limited playing time remains a concern despite model variance.",1.26
712,Yeremy,MID,8,5.8,32,1,3,1.333,1.167,27.0,CRY,NEW,H,2.2,55,1.23,0.9,90,0.84,1.4,83,1.16,1.16,2.1,68,"Poor recent form (1.3 avg), minimal minutes (27 in 3GW), and low ICT despite favorable fixture suggest bench risk outweighs home advantage vs Newcastle.",1.43
53,Malen,MID,2,5.1,32,0,3,2.0,1.9,31.333,AVL,NFO,A,2.0,31,0.63,1.7,92,1.53,1.6,79,1.26,1.16,2.1,58,"Malen severely underperforming with minimal minutes (31 in 3GW) and poor form (2.0), making him a risky pick despite favorable fixture against NFO.",1.22
10,Lewis-Skelly,DEF,1,5.1,32,1,3,0.667,0.467,27.667,ARS,BOU,H,2.7,82,2.21,0.9,93,0.86,0.7,84,0.59,1.15,2.1,45,Limited minutes (28 in 3GW) and minimal involvement (ICT 0.5) despite home fixture; rotation risk outweighs BOU's weakness.,0.94
236,Neto,MID,7,7.0,32,1,4,-0.333,0.5,23.0,CHE,MCI,H,3.0,57,1.72,1.9,83,1.54,0.8,68,0.54,1.15,2.1,38,"Minimal recent minutes (23 in 3GW), poor form, and difficult fixture vs Man City despite home advantage limit upside.",0.8
539,O'Nien,DEF,17,4.0,32,1,3,2.0,0.533,38.667,SUN,TOT,H,2.3,48,1.11,1.4,89,1.26,1.2,74,0.89,1.12,2.1,58,"O'Nien severely limited by injury (39 mins in 3GW), faces tough Spurs attack despite home fixture, other models suggest minimal return.",1.22
321,J.Cuenca,DEF,10,4.3,32,0,4,1.0,0.7,30.667,FUL,LIV,A,2.5,53,1.3,1.2,88,1.05,1.0,85,0.85,1.1,1.8,68,Away at Liverpool (hardest fixture) with minimal recent minutes (31 in 3GW) and very low ICT suggests limited involvement and clean sheet risk.,1.22
73,Smith,DEF,4,4.4,32,0,5,2.667,1.933,20.0,BOU,ARS,A,2.2,63,1.4,0.5,85,0.4,1.4,83,1.16,1.1,2.1,68,"Minimal recent minutes (20 in 3GW), difficult away fixture at Arsenal (FDR5), and low form/ICT suggest limited points.",1.43
648,Munetsi,MID,20,5.3,32,0,2,0.667,0.6,28.333,WOL,WHU,A,2.4,60,1.43,1.3,83,1.08,0.8,77,0.62,1.09,2.1,58,"Munetsi struggling with minutes (28 in 3GW), weak form/ICT, and away fixture vs tough WHU despite favorable FDR rating.",1.22
388,C.Jones,MID,12,5.4,32,1,2,0.667,1.2,23.667,LIV,FUL,H,2.2,44,0.97,1.2,89,1.04,1.0,89,0.89,1.08,2.1,68,"Minimal recent minutes (24 in 3GW), low ICT, and weak form suggest bench/rotation risk despite favorable home fixture vs Fulham.",1.43
338,Muniz,FWD,10,5.3,32,0,4,1.0,1.767,25.0,FUL,LIV,A,2.2,61,1.36,1.4,93,1.28,0.8,89,0.71,1.06,1.5,58,"Limited minutes (25 in 3GW), poor form, difficult away fixture at Liverpool, and low model consensus suggest minimal points.",0.87
347,Gudmundsson,DEF,11,3.8,32,0,4,1.667,1.333,72.667,LEE,MUN,A,2.0,10,0.2,1.6,95,1.48,1.2,94,1.13,1.01,1.8,68,"Poor form (1.7 avg), low ICT, tough away fixture at MUN (FDR 4), and limited minutes suggest minimal FPL returns.",1.22
270,Hughes,MID,8,4.7,32,1,3,0.667,0.933,25.333,CRY,NEW,H,2.1,31,0.65,1.4,90,1.25,0.7,82,0.57,1.01,2.3,68,"Hughes severely lacking minutes (25 in 3GW), poor form and ICT despite home fixture vs NEW; limited opportunity suggests blank risk.",1.56
785,Pablo,FWD,19,5.4,32,1,2,0.667,0.267,21.0,WHU,WOL,H,2.1,59,1.23,1.1,92,1.04,0.9,91,0.82,0.98,1.8,45,Severe lack of playing time (21 mins/3GW) and minimal output despite favorable fixture suggests bench rotation risk.,0.81
645,Fer López,MID,20,5.1,32,0,2,1.0,0.467,24.667,WOL,WHU,A,1.9,41,0.8,0.9,93,0.87,1.1,92,1.01,0.97,1.8,68,"Minimal recent minutes (25 in 3GW), low ICT, and weak form suggest bench risk despite favorable fixture difficulty.",1.22
571,Davies,DEF,18,4.3,32,0,4,3.0,4.1,29.0,TOT,SUN,A,1.8,10,0.18,1.0,85,0.82,1.9,74,1.41,0.96,2.1,68,Severe minutes shortage (29 in 3GW) and poor form despite moderate fixture; benching risk outweighs defensive upside.,1.43
816,Angel,MID,20,4.7,32,0,2,1.0,0.467,20.333,WOL,WHU,A,2.0,31,0.63,0.9,91,0.8,1.0,91,0.91,0.94,2.1,68,"Minimal recent minutes (20 in 3GW), low ICT, and poor form suggest bench/sub risk despite favorable FDR.",1.43
331,Cairney,MID,10,4.8,32,0,4,1.333,0.833,26.667,FUL,LIV,A,2.0,36,0.71,1.0,90,0.87,0.9,83,0.75,0.94,2.1,68,"Cairney faces elite Liverpool away with poor recent form (1.3 avg), minimal minutes (27 in 3GW), and low ICT despite models suggesting 2.0 baseline.",1.43
573,Spence,DEF,18,4.2,32,0,4,1.333,1.733,25.0,TOT,SUN,A,2.2,52,1.17,0.9,89,0.78,0.9,83,0.75,0.94,1.8,58,"Spence severely limited minutes (25 in 3GW), away fixture vs tough opponent, and model consensus around 1.5-2.2 suggests minimal opportunity for returns.",1.04
31,G.Jesus,FWD,1,6.4,32,1,3,2.0,3.533,24.333,ARS,BOU,H,1.6,10,0.16,0.7,90,0.62,1.5,79,1.18,0.9,2.8,58,Severely limited minutes (24 in 3GW) and low model predictions offset favorable home fixture against weak opponent.,1.62
229,B.Badiashile,DEF,7,4.4,32,1,4,1.333,0.867,30.0,CHE,MCI,H,2.1,24,0.51,1.0,90,0.94,0.9,86,0.77,0.9,2.1,65,Inconsistent minutes (30 in 3GW) and poor ICT against elite MCI attack limits upside despite home advantage.,1.37
678,Masuaku,DEF,17,3.9,32,1,3,0.333,0.767,22.667,SUN,TOT,H,2.0,34,0.7,1.1,92,1.05,0.5,83,0.42,0.9,2.1,68,"Masuaku has played only 23 minutes in 3GW with minimal form/ICT, and faces elite attacking side Tottenham despite home advantage.",1.43
320,Diop,DEF,10,4.3,32,0,4,0.333,0.9,30.0,FUL,LIV,A,2.2,24,0.53,1.5,90,1.38,0.5,88,0.44,0.88,1.8,65,Diop facing elite Liverpool away with minimal recent minutes (30 in 3GW) and poor form (0.3 avg); risky pick despite low FDR expectations.,1.17
345,Bornauw,DEF,11,3.8,32,0,4,1.667,1.133,28.333,LEE,MUN,A,2.0,13,0.26,1.2,90,1.06,1.0,84,0.84,0.84,1.8,68,Severe minutes concern (28 mins/3GW) suggests benching; tough away fixture at MUN and low ICT compound poor defensive form.,1.22
305,Armstrong,MID,9,4.5,32,0,4,1.0,1.533,27.0,EVE,BRE,A,2.0,32,0.62,1.0,91,0.88,0.8,87,0.7,0.78,2.1,45,"Minimal recent minutes (27 in 3GW), low form and ICT, away fixture vs moderate difficulty; limited upside despite reasonable price point.",0.94
462,J.Fletcher,MID,14,4.3,32,1,2,0.667,0.9,20.667,MUN,LEE,H,1.9,36,0.7,1.0,92,0.9,0.7,92,0.64,0.76,1.8,45,Severely limited minutes (21 in 3GW) and poor form despite favourable fixture; models suggest low return with high uncertainty.,0.81
233,Acheampong,DEF,7,3.7,32,1,4,0.333,0.533,31.0,CHE,MCI,H,2.4,18,0.43,1.2,91,1.12,0.6,88,0.53,0.76,2.1,45,"Minimal playing time (31 mins/3GW), very low ICT, against elite attacking side Man City at home.",0.94
246,Andrey Santos,MID,7,4.5,32,1,4,1.0,0.167,26.333,CHE,MCI,H,1.8,27,0.49,1.1,91,0.98,0.7,85,0.6,0.75,1.5,62,"Minimal recent minutes (26 in 3GW), very low ICT index, and unfavorable fixture vs Man City limits ceiling despite home advantage.",0.93
